{
  "version": "0.1",
  "id": "zhenlogin",
  "targetURL": "http://10.1.0.34/cas/login?service=http%3A%2F%2F10.1.36.1%3A8083%2Fframe%21index.do",
  "jsFile": "index.js",
  "requires": {
    "index2": "../index2/index.json"
  },
  "chineseName": "真登陆",
  "description": "",
  "controls": {
    "control114": {
      "location": {
        "data": {
          "tagName": "INPUT"
        },
        "locators": [
          {
            "id": "@placeholder",
            "prob": 3,
            "value": {
              "text": [
                "用戶名"
              ]
            }
          },
          {
            "id": "elem/@name",
            "prob": 2,
            "value": "descendant::INPUT[@name=\"username\"]"
          },
          {
            "id": "@id/word",
            "prob": 3,
            "value": [
              "descendant::FORM[@id=\"myform\"]//INPUT[@id=\"username\"]",
              "descendant::INPUT[@id=\"username\"]"
            ]
          },
          {
            "id": "@class/word",
            "prob": 1,
            "ordinal": [
              0,
              2
            ],
            "value": "FORM.form-signin INPUT.srk"
          },
          {
            "id": "input/type",
            "verifyEnabled": true,
            "value": "text"
          },
          {
            "id": "elderLevel",
            "value": {
              "level": 0
            }
          },
          {
            "id": "shield",
            "value": {
              "zIndex": "auto",
              "width": 135,
              "height": 23
            }
          }
        ]
      },
      "intendedRole": "textbox",
      "roles": "element,textbox",
      "monitored": true
    },
    "control115": {
      "location": {
        "data": {
          "tagName": "INPUT"
        },
        "locators": [
          {
            "id": "@placeholder",
            "prob": 3,
            "value": {
              "text": [
                "密码"
              ]
            }
          },
          {
            "id": "elem/@name",
            "prob": 2,
            "value": "descendant::INPUT[@name=\"password\"]"
          },
          {
            "id": "@class/word",
            "prob": 1,
            "ordinal": [
              1,
              2
            ],
            "value": "FORM.form-signin INPUT.srk"
          },
          {
            "id": "input/type",
            "verifyEnabled": true,
            "value": "password"
          },
          {
            "id": "elderLevel",
            "value": {
              "level": 0
            }
          },
          {
            "id": "shield",
            "value": {
              "zIndex": "auto",
              "width": 135,
              "height": 23
            }
          }
        ]
      },
      "intendedRole": "passwordbox",
      "roles": "element,passwordbox,textbox",
      "monitored": true
    },
    "control116": {
      "location": {
        "data": {
          "tagName": "IMG"
        },
        "locators": [
          {
            "id": "img/@src",
            "prob": 2,
            "value": {
              "pathname": "/cas/images/zhkg/bnt.jpg"
            }
          },
          {
            "id": "path/ordinal",
            "prob": 1,
            "value": "/HTML[1]/BODY[1]/CENTER[1]/FORM[1]/TABLE[1]/TBODY[1]/TR[2]/TD[1]/TABLE[1]/TBODY[1]/TR[2]/TD[1]/TABLE[1]/TBODY[1]/TR[1]/TD[2]/TABLE[1]/TBODY[1]/TR[3]/TD[1]/TABLE[1]/TBODY[1]/TR[1]/TD[2]/TABLE[1]/TBODY[1]/TR[1]/TD[1]/IMG[1]"
          },
          {
            "id": "elderLevel",
            "value": {
              "level": 0
            }
          },
          {
            "id": "shield",
            "value": {
              "zIndex": "auto",
              "width": 61,
              "height": 53
            }
          }
        ]
      },
      "intendedRole": "button",
      "roles": "element,image,button",
      "monitored": false
    }
  },
  "contexts": {
    "context17": {
      "controls": [
        "control114",
        "control115",
        "control116"
      ],
      "anchors": []
    }
  },
  "flows": {
    "flow44": {
      "toContexts": [
        {
          "toContextId": "context17"
        }
      ]
    },
    "flow45": {
      "fromContextId": "context17",
      "fromAction": "click",
      "fromControlId": "control114",
      "toContexts": [
        {
          "toContextId": "context17"
        }
      ]
    },
    "flow46": {
      "fromContextId": "context17",
      "fromAction": "click",
      "fromControlId": "control115",
      "toContexts": [
        {
          "toContextId": "context17"
        }
      ]
    },
    "flow47": {
      "fromContextId": "context17",
      "fromAction": "click",
      "fromControlId": "control116",
      "toContexts": [
        {
          "toContextId": "context17"
        },
        {
          "toContextId": "context7",
          "toModelId": "index2"
        }
      ]
    }
  },
  "pages": {
    "page16": {
      "contextId": "context17",
      "layout": [
        {
          "id": "uiControl196",
          "controlId": "control114",
          "display": {
            "adapterId": "textbox",
            "type": "textbox",
            "adapter": {
              "templateType": ""
            }
          }
        },
        {
          "id": "uiControl197",
          "controlId": "control115",
          "display": {
            "adapterId": "passwordbox",
            "type": "passwordbox",
            "adapter": {
              "templateType": ""
            }
          }
        },
        {
          "id": "uiControl198",
          "controlId": "control116",
          "display": {
            "adapterId": "clickable",
            "type": "button",
            "text": "     登陆",
            "adapter": {
              "templateType": ""
            }
          }
        }
      ]
    }
  },
  "matchers": {
    "page/title": {
      "contexts": {
        "context17": [
          "用户登录"
        ]
      }
    },
    "page/urls": {
      "contexts": {
        "context17": [
          "10.1.0.34/cas/login?service=http%3A%2F%2F10.1.36.1%3A8083%2Fframe%21index.do"
        ]
      }
    },
    "page/ids": {
      "contexts": {
        "context17": [
          [
            "myform",
            "status",
            "username"
          ]
        ]
      }
    },
    "page/classes": {
      "contexts": {
        "context17": [
          [
            "errors",
            "fl-label",
            "form-signin",
            "link",
            "srk"
          ]
        ]
      }
    },
    "page/tagTriplets": {
      "contexts": {
        "context17": [
          [
            "-/-/CENTER",
            "-/-/SCRIPT",
            "-/CENTER/FORM",
            "CENTER/FORM/TABLE",
            "FORM/TABLE/TBODY",
            "TABLE/TBODY/TR",
            "TBODY/TR/TD",
            "TD/P/A",
            "TD/SPRING:MESSAGE/INPUT-password",
            "TD/SPRING:MESSAGE/INPUT-text",
            "TD/TABLE/TBODY",
            "TR/TD/DIV",
            "TR/TD/IMG",
            "TR/TD/INPUT-hidden",
            "TR/TD/P",
            "TR/TD/SPAN",
            "TR/TD/SPRING:MESSAGE",
            "TR/TD/TABLE"
          ]
        ]
      }
    }
  }
}