{
  "version": "0.1",
  "id": "login",
  "targetURL": "http://10.1.36.1:8083/tenderLogin.jsp",
  "jsFile": "index.js",
  "requires": {
    "index2": "../index2/index.json"
  },
  "chineseName": "login",
  "description": "",
  "controls": {
    "control1": {
      "location": {
        "data": {
          "tagName": "IMG"
        },
        "locators": [
          {
            "id": "img/@src",
            "prob": 2,
            "value": {
              "pathname": "/images/zbcgzxt.png"
            }
          },
          {
            "id": "path/ordinal",
            "prob": 1,
            "value": "/HTML[1]/BODY[1]/FORM[1]/TABLE[1]/TBODY[1]/TR[2]/TD[1]/TABLE[1]/TBODY[1]/TR[1]/TD[2]/TABLE[1]/TBODY[1]/TR[2]/TD[1]/IMG[1]"
          },
          {
            "id": "elderLevel",
            "value": {
              "level": 0
            }
          },
          {
            "id": "shield",
            "value": {
              "zIndex": "auto",
              "width": 210,
              "height": 35
            }
          }
        ]
      },
      "intendedRole": "header",
      "roles": "element,image,button,header",
      "monitored": false
    },
    "control2": {
      "location": {
        "data": {
          "tagName": "INPUT"
        },
        "locators": [
          {
            "id": "elem/@name",
            "prob": 2,
            "value": [
              "descendant::form[@name=\"frm\"]//INPUT[@name=\"loginname\"]",
              "descendant::INPUT[@name=\"loginname\"]"
            ]
          },
          {
            "id": "@id/word",
            "prob": 3,
            "value": [
              "descendant::FORM[@id=\"frm\"]//INPUT[@id=\"loginname\"]",
              "descendant::INPUT[@id=\"loginname\"]"
            ]
          },
          {
            "id": "@class/word",
            "prob": 1,
            "ordinal": [
              0,
              2
            ],
            "value": "BODY.loginbg.ext-webkit.ext-chrome TD.logincenter INPUT.input125"
          },
          {
            "id": "path/ordinal",
            "prob": 1,
            "value": "/HTML[1]/BODY[1]/FORM[1]/TABLE[1]/TBODY[1]/TR[2]/TD[1]/TABLE[1]/TBODY[1]/TR[1]/TD[2]/TABLE[1]/TBODY[1]/TR[3]/TD[1]/TABLE[1]/TBODY[1]/TR[1]/TD[1]/TABLE[1]/TBODY[1]/TR[1]/TD[2]/INPUT[1]"
          },
          {
            "id": "input/type",
            "verifyEnabled": true,
            "value": "text"
          },
          {
            "id": "elderLevel",
            "value": {
              "level": 0
            }
          },
          {
            "id": "shield",
            "value": {
              "zIndex": "auto",
              "width": 125,
              "height": 25
            }
          }
        ]
      },
      "intendedRole": "textbox",
      "roles": "element,textbox",
      "monitored": false
    },
    "control3": {
      "location": {
        "data": {
          "tagName": "INPUT"
        },
        "locators": [
          {
            "id": "elem/@name",
            "prob": 2,
            "value": [
              "descendant::form[@name=\"frm\"]//INPUT[@name=\"password\"]",
              "descendant::INPUT[@name=\"password\"]"
            ]
          },
          {
            "id": "@id/word",
            "prob": 3,
            "value": [
              "descendant::FORM[@id=\"frm\"]//INPUT[@id=\"password\"]",
              "descendant::INPUT[@id=\"password\"]"
            ]
          },
          {
            "id": "@class/word",
            "prob": 1,
            "ordinal": [
              1,
              2
            ],
            "value": "BODY.loginbg.ext-webkit.ext-chrome TD.logincenter INPUT.input125"
          },
          {
            "id": "path/ordinal",
            "prob": 1,
            "value": "/HTML[1]/BODY[1]/FORM[1]/TABLE[1]/TBODY[1]/TR[2]/TD[1]/TABLE[1]/TBODY[1]/TR[1]/TD[2]/TABLE[1]/TBODY[1]/TR[3]/TD[1]/TABLE[1]/TBODY[1]/TR[1]/TD[1]/TABLE[1]/TBODY[1]/TR[2]/TD[2]/INPUT[1]"
          },
          {
            "id": "input/type",
            "verifyEnabled": true,
            "value": "password"
          },
          {
            "id": "elderLevel",
            "value": {
              "level": 0
            }
          },
          {
            "id": "shield",
            "value": {
              "zIndex": "auto",
              "width": 125,
              "height": 25
            }
          }
        ]
      },
      "intendedRole": "passwordbox",
      "roles": "element,passwordbox,textbox",
      "monitored": false
    },
    "control4": {
      "location": {
        "data": {
          "tagName": "INPUT"
        },
        "locators": [
          {
            "id": "elem/@name",
            "prob": 2,
            "value": [
              "descendant::form[@name=\"frm\"]//INPUT[@name=\"randomCode\"]",
              "descendant::INPUT[@name=\"randomCode\"]"
            ]
          },
          {
            "id": "@id/word",
            "prob": 3,
            "value": [
              "descendant::FORM[@id=\"frm\"]//INPUT[@id=\"randomCode\"]",
              "descendant::INPUT[@id=\"randomCode\"]"
            ]
          },
          {
            "id": "path/ordinal",
            "prob": 1,
            "value": "/HTML[1]/BODY[1]/FORM[1]/TABLE[1]/TBODY[1]/TR[2]/TD[1]/TABLE[1]/TBODY[1]/TR[1]/TD[2]/TABLE[1]/TBODY[1]/TR[3]/TD[1]/TABLE[1]/TBODY[1]/TR[1]/TD[1]/TABLE[1]/TBODY[1]/TR[3]/TD[2]/INPUT[1]"
          },
          {
            "id": "input/type",
            "verifyEnabled": true,
            "value": "text"
          },
          {
            "id": "elderLevel",
            "value": {
              "level": 0
            }
          },
          {
            "id": "shield",
            "value": {
              "zIndex": "auto",
              "width": 125,
              "height": 25
            }
          }
        ]
      },
      "intendedRole": "textbox",
      "roles": "element,textbox",
      "monitored": true
    },
    "control8": {
      "location": {
        "data": {
          "tagName": "IMG"
        },
        "locators": [
          {
            "id": "img/@src",
            "prob": 2,
            "value": {
              "pathname": "/randomCode"
            }
          },
          {
            "id": "@id/word",
            "prob": 3,
            "value": [
              "descendant::FORM[@id=\"frm\"]//IMG[@id=\"randomCodeImg\"]",
              "descendant::IMG[@id=\"randomCodeImg\"]"
            ]
          },
          {
            "id": "@class/word",
            "prob": 1,
            "value": "BODY.loginbg.ext-webkit.ext-chrome TD.logincenter SPAN.link A IMG"
          },
          {
            "id": "path/ordinal",
            "prob": 1,
            "value": "/HTML[1]/BODY[1]/FORM[1]/TABLE[1]/TBODY[1]/TR[2]/TD[1]/TABLE[1]/TBODY[1]/TR[1]/TD[2]/TABLE[1]/TBODY[1]/TR[3]/TD[1]/TABLE[1]/TBODY[1]/TR[1]/TD[2]/TABLE[1]/TBODY[2]/TR[2]/TD[1]/SPAN[1]/A[1]/IMG[1]"
          },
          {
            "id": "elderLevel",
            "value": {
              "level": 0
            }
          },
          {
            "id": "shield",
            "value": {
              "zIndex": "auto",
              "width": 70,
              "height": 20
            }
          }
        ]
      },
      "roles": "element,image,button",
      "monitored": true
    },
    "control11": {
      "location": {
        "data": {
          "tagName": "IMG"
        },
        "locators": [
          {
            "id": "img/@src",
            "prob": 2,
            "value": {
              "pathname": "/images/bnt.png"
            }
          },
          {
            "id": "@id/word",
            "prob": 2,
            "value": [
              "descendant::FORM[@id=\"frm\"]//A[@id=\"submitBtn\"]/IMG[1]",
              "descendant::FORM[@id=\"frm\"]//A[@id=\"submitBtn\"]//IMG",
              "descendant::A[@id=\"submitBtn\"]//IMG"
            ]
          },
          {
            "id": "path/ordinal",
            "prob": 1,
            "value": "/HTML[1]/BODY[1]/FORM[1]/TABLE[1]/TBODY[1]/TR[2]/TD[1]/TABLE[1]/TBODY[1]/TR[1]/TD[2]/TABLE[1]/TBODY[1]/TR[3]/TD[1]/TABLE[1]/TBODY[1]/TR[1]/TD[2]/TABLE[1]/TBODY[2]/TR[1]/TD[1]/A[1]/IMG[1]"
          },
          {
            "id": "elderLevel",
            "value": {
              "level": 0
            }
          },
          {
            "id": "shield",
            "value": {
              "zIndex": "auto",
              "width": 61,
              "height": 53
            }
          }
        ]
      },
      "intendedRole": "button",
      "roles": "element,image,button",
      "monitored": false
    }
  },
  "contexts": {
    "context0": {
      "controls": [
        "control1",
        "control2",
        "control3",
        "control4",
        "control8",
        "control11"
      ],
      "anchors": []
    }
  },
  "flows": {
    "flow2": {
      "toContexts": [
        {
          "toContextId": "context0"
        }
      ]
    },
    "flow3": {
      "fromContextId": "context0",
      "fromAction": "click",
      "fromControlId": "control4",
      "toContexts": [
        {
          "toContextId": "context0"
        }
      ]
    },
    "flow5": {
      "fromContextId": "context0",
      "fromAction": "click",
      "fromControlId": "control11",
      "toContexts": [
        {
          "toContextId": "context0"
        },
        {
          "toContextId": "context7",
          "toModelId": "index2"
        }
      ]
    },
    "flow7": {
      "fromContextId": "context0",
      "fromAction": "click",
      "fromControlId": "control2",
      "toContexts": [
        {
          "toContextId": "context0"
        }
      ]
    },
    "flow8": {
      "fromContextId": "context0",
      "fromAction": "click",
      "fromControlId": "control3",
      "toContexts": [
        {
          "toContextId": "context0"
        }
      ]
    }
  },
  "pages": {
    "page0": {
      "contextId": "context0",
      "layout": [
        {
          "id": "uiControl1",
          "controlId": "control1",
          "display": {
            "adapterId": "header",
            "type": "header",
            "title": "招标",
            "adapter": {
              "templateType": ""
            }
          },
          "layout": [
            {
              "id": "uiControl1headerLeft",
              "display": {
                "type": "headerLeft",
                "adapterId": "headerLeft",
                "adapter": {
                  "templateType": ""
                }
              },
              "layout": []
            }
          ]
        },
        {
          "id": "uiControl2",
          "display": {
            "type": "card",
            "adapterId": "card",
            "adapter": {
              "templateType": ""
            }
          },
          "layout": [
            {
              "id": "uiControl2body",
              "display": {
                "type": "cardBody",
                "adapterId": "cardBody",
                "adapter": {
                  "templateType": ""
                }
              },
              "layout": [
                {
                  "id": "uiControl3",
                  "controlId": "control2",
                  "display": {
                    "adapterId": "textbox",
                    "type": "textbox",
                    "value": "",
                    "label": "用户名：zhangxuelin",
                    "adapter": {
                      "templateType": ""
                    }
                  }
                },
                {
                  "id": "uiControl4",
                  "controlId": "control3",
                  "display": {
                    "adapterId": "passwordbox",
                    "type": "passwordbox",
                    "value": "",
                    "label": "密码：123",
                    "adapter": {
                      "templateType": ""
                    }
                  }
                },
                {
                  "id": "uiControl5",
                  "controlId": "control4",
                  "display": {
                    "adapterId": "textbox",
                    "type": "textbox",
                    "label": "验证码：",
                    "adapter": {
                      "templateType": ""
                    }
                  }
                },
                {
                  "id": "uiControl6",
                  "controlId": "control8",
                  "display": {
                    "adapterId": "image_link",
                    "type": "image",
                    "adapter": {
                      "templateType": ""
                    }
                  }
                }
              ]
            }
          ]
        },
        {
          "id": "uiControl15",
          "controlId": "control11",
          "display": {
            "adapterId": "clickable",
            "type": "button",
            "text": "登陆",
            "adapter": {
              "templateType": ""
            }
          }
        }
      ]
    }
  },
  "matchers": {
    "page/title": {
      "contexts": {
        "context0": [
          "中弘股份招标采购管理系统"
        ]
      }
    },
    "page/urls": {
      "contexts": {
        "context0": [
          "10.1.36.1:8083/tenderLogin.jsp"
        ]
      }
    },
    "page/ids": {
      "contexts": {
        "context0": [
          [
            "frm",
            "loginname",
            "password",
            "randomCode",
            "randomCodeImg",
            "sitecode",
            "submitBtn"
          ]
        ]
      }
    },
    "page/classes": {
      "contexts": {
        "context0": [
          [
            "input",
            "link",
            "logincenter"
          ]
        ]
      }
    },
    "page/tagTriplets": {
      "contexts": {
        "context0": [
          [
            "-/-/FORM",
            "-/-/SCRIPT",
            "-/FORM/INPUT-hidden",
            "-/FORM/TABLE",
            "FORM/TABLE/TBODY",
            "SPAN/A/IMG",
            "TABLE/TBODY/TR",
            "TBODY/TR/TD",
            "TD/A/IMG",
            "TD/SPAN/A",
            "TD/TABLE/TBODY",
            "TR/TD/A",
            "TR/TD/IMG",
            "TR/TD/INPUT-password",
            "TR/TD/INPUT-randomCode",
            "TR/TD/INPUT-text",
            "TR/TD/P",
            "TR/TD/SPAN",
            "TR/TD/TABLE"
          ]
        ]
      }
    }
  }
}