{
  "version": "0.1",
  "id": "zhiweizhaobiaoxiaozu",
  "targetURL": "http://10.1.36.1:8083/zw_expert!view.do?approveId=180621&spWorkItemId=180788&spFlowCode=3278&projectId=180595&targetId=&is_yb=1",
  "jsFile": "index.js",
  "chineseName": "zhiweizhaobiaoxiaozu",
  "description": "zhiweizhaobiaoxiaozu",
  "controls": {
    "control87": {
      "location": {
        "data": {
          "tagName": "DIV"
        },
        "locators": [
          {
            "id": "button/text",
            "prob": 3,
            "value": {
              "text": [
                "平房河渠改造物探及地形图测绘直委-直委招标小组[紧急]"
              ],
              "visText": [
                "平房河渠改造物探及地形图测绘直委-直委招标小组[紧急]"
              ]
            }
          },
          {
            "id": "text",
            "prob": 3,
            "value": {
              "text": [
                "平房河渠改造物探及地形图测绘直委-直委招标小组[紧急]"
              ],
              "visText": [
                "平房河渠改造物探及地形图测绘直委-直委招标小组[紧急]"
              ]
            }
          },
          {
            "id": "@class/word",
            "prob": 1,
            "value": "BODY.ext-webkit.ext-chrome.ext-mac TABLE.table02 DIV.divh1"
          },
          {
            "id": "path/ordinal",
            "prob": 1,
            "ordinal": [
              0,
              2
            ],
            "value": "/HTML[1]/BODY[1]/TABLE[1]/TBODY[1]/TR[1]/TD[1]/DIV[1]"
          },
          {
            "id": "shield",
            "value": {
              "zIndex": "auto",
              "width": 1076,
              "height": 39
            }
          }
        ]
      },
      "roles": "element",
      "content": true,
      "monitored": false
    },
    "control88": {
      "location": {
        "data": {
          "tagName": "DIV"
        },
        "locators": [
          {
            "id": "button/text",
            "prob": 3,
            "value": {
              "text": [
                "平房河渠改造物探及地形图测绘直委-直委招标小组[紧急]"
              ],
              "visText": [
                "平房河渠改造物探及地形图测绘直委-直委招标小组[紧急]"
              ]
            }
          },
          {
            "id": "text",
            "prob": 3,
            "value": {
              "text": [
                "平房河渠改造物探及地形图测绘直委-直委招标小组[紧急]"
              ],
              "visText": [
                "平房河渠改造物探及地形图测绘直委-直委招标小组[紧急]"
              ]
            }
          },
          {
            "id": "@class/word",
            "prob": 1,
            "value": "BODY.ext-webkit.ext-chrome.ext-mac TABLE.table02 DIV.divh1"
          },
          {
            "id": "path/ordinal",
            "prob": 1,
            "ordinal": [
              0,
              2
            ],
            "value": "/HTML[1]/BODY[1]/TABLE[1]/TBODY[1]/TR[1]/TD[1]/DIV[1]"
          },
          {
            "id": "shield",
            "value": {
              "zIndex": "auto",
              "width": 1076,
              "height": 39
            }
          }
        ]
      },
      "events": {
        "onGetData": "getData_control88"
      },
      "intendedRole": "custom",
      "roles": "element,custom",
      "monitored": false
    },
    "control89": {
      "location": {
        "data": {
          "tagName": "TD"
        },
        "locators": [
          {
            "id": "text",
            "prob": 3,
            "value": {
              "text": [
                "招标小组必须由3个以上直接业务部门组成：符合制度。招标小组成员应为5人及以上：符合制度。招标小组成员应为奇数：不符合制度。招标小组成员必须有成本部人员：符合制度。招标组长由区域公司主管业务副总经理及以上人员担任：不符合制度。"
              ],
              "visText": [
                "招标小组必须由3个以上直接业务部门组成：符合制度。 招标小组成员应为5人及以上：符合制度。 招标小组成员应为奇数：不符合制度。 招标小组成员必须有成本部人员：符合制度。 招标组长由区域公司主管业务副总经理及以上人员担任：不符合制度。"
              ]
            }
          },
          {
            "id": "@class/word",
            "prob": 1,
            "value": "BODY.ext-webkit.ext-chrome.ext-mac TABLE.table02 TABLE.wd_tablelist03 TBODY TR TD"
          },
          {
            "id": "path/ordinal",
            "prob": 1,
            "value": "/HTML[1]/BODY[1]/TABLE[1]/TBODY[1]/TR[1]/TD[1]/TABLE[6]/TBODY[1]/TR[1]/TD[1]"
          },
          {
            "id": "shield",
            "value": {
              "zIndex": "auto",
              "width": 1074,
              "height": 158
            }
          }
        ]
      },
      "events": {
        "onGetData": "getData_control89"
      },
      "intendedRole": "custom",
      "roles": "element,custom",
      "monitored": false
    },
    "control90": {
      "location": {
        "data": {
          "tagName": "TD"
        },
        "locators": [
          {
            "id": "text",
            "prob": 3,
            "value": {
              "text": [
                "经办人 胡晓亮 分管部门经理 陈光耀 区域公司成本管理部经理 张雪林 区域公司招标采购部经理 刘宝山 区域公司副总经理（招采） 杨兆清 区域公司总经理 徐文亮"
              ],
              "visText": [
                "经办人 胡晓亮 分管部门经理 陈光耀 区域公司成本管理部经理 张雪林 区域公司招标采购部经理 刘宝山 区域公司副总经理（招采） 杨兆清 区域公司总经理 徐文亮"
              ]
            }
          },
          {
            "id": "@id/word",
            "prob": 2,
            "value": [
              "descendant::FORM[@id=\"sp_frm\"]/TABLE[1]/TBODY[1]/TR[1]/TD[1]",
              "descendant::FORM[@id=\"sp_frm\"]//TD"
            ]
          },
          {
            "id": "@class/word",
            "prob": 1,
            "ordinal": [
              0,
              8
            ],
            "value": "BODY.ext-webkit.ext-chrome.ext-mac TABLE.wd_tablelist04 TBODY TR TD"
          },
          {
            "id": "path/ordinal",
            "prob": 1,
            "value": "/HTML[1]/BODY[1]/FORM[1]/TABLE[1]/TBODY[1]/TR[1]/TD[1]"
          },
          {
            "id": "shield",
            "value": {
              "zIndex": "auto",
              "width": 921,
              "height": 36
            }
          }
        ]
      },
      "events": {
        "onGetData": "getData_control90"
      },
      "intendedRole": "custom",
      "roles": "element,custom",
      "monitored": false,
      "frameXPath": "//iframe[@id='spList']<<IFRAME>>"
    },
    "control91": {
      "location": {
        "data": {
          "tagName": "TABLE"
        },
        "locators": [
          {
            "id": "text",
            "prob": 3,
            "value": {
              "text": [
                "审批流程： 经办人 胡晓亮 分管部门经理 陈光耀 区域公司成本管理部经理 张雪林 区域公司招标采购部经理 刘宝山 区域公司副总经理（招采） 杨兆清 区域公司总经理 徐文亮 意见*: 审批常用语: 请选择 同意 不同意 请领导审批 请提出建议 转发人*:"
              ],
              "visText": [
                "审批流程： 经办人 胡晓亮 分管部门经理 陈光耀 区域公司成本管理部经理 张雪林 区域公司招标采购部经理 刘宝山 区域公司副总经理（招采） 杨兆清 区域公司总经理 徐文亮"
              ]
            }
          },
          {
            "id": "@id/word",
            "prob": 2,
            "value": [
              "descendant::FORM[@id=\"sp_frm\"]/TABLE[1]",
              "descendant::FORM[@id=\"sp_frm\"]//TABLE"
            ]
          },
          {
            "id": "@class/word",
            "prob": 1,
            "ordinal": [
              0,
              2
            ],
            "value": "BODY.ext-webkit.ext-chrome.ext-mac TABLE.wd_tablelist04"
          },
          {
            "id": "path/ordinal",
            "prob": 1,
            "value": "/HTML[1]/BODY[1]/FORM[1]/TABLE[1]"
          },
          {
            "id": "shield",
            "value": {
              "zIndex": "auto",
              "width": 1076,
              "height": 65
            }
          }
        ]
      },
      "events": {
        "onGetData": "getData_control91"
      },
      "intendedRole": "custom",
      "roles": "element,link,custom",
      "monitored": true,
      "frameXPath": "//iframe[@id='spList']<<IFRAME>>"
    },
    "control92": {
      "location": {
        "data": {
          "tagName": "TBODY"
        },
        "locators": [
          {
            "id": "@class/word",
            "prob": 1,
            "ordinal": [
              0,
              2
            ],
            "value": "BODY.ext-webkit.ext-chrome.ext-mac TABLE.table_fj TBODY"
          },
          {
            "id": "path/ordinal",
            "prob": 1,
            "value": "/HTML[1]/BODY[1]/TABLE[2]/TBODY[1]"
          },
          {
            "id": "shield",
            "value": {
              "zIndex": "auto",
              "width": 1076,
              "height": 209
            }
          }
        ]
      },
      "events": {
        "onGetData": "getData_control92"
      },
      "intendedRole": "custom",
      "roles": "element,link,custom",
      "monitored": true,
      "frameXPath": "//iframe[@id='spList']<<IFRAME>>"
    },
    "control93": {
      "location": {
        "data": {
          "tagName": "TD"
        },
        "locators": [
          {
            "id": "@class/word",
            "prob": 1,
            "value": "BODY.ext-webkit.ext-chrome.ext-mac TABLE.table02 TABLE.table_fj TBODY TR TD"
          },
          {
            "id": "path/ordinal",
            "prob": 1,
            "value": "/HTML[1]/BODY[1]/TABLE[1]/TBODY[1]/TR[1]/TD[1]/TABLE[4]/TBODY[1]/TR[1]/TD[1]"
          },
          {
            "id": "elderLevel",
            "value": {
              "level": 0
            }
          },
          {
            "id": "shield",
            "value": {
              "zIndex": "auto",
              "width": 1074,
              "height": 25
            }
          }
        ]
      },
      "events": {
        "onGetData": "getData_control93"
      },
      "intendedRole": "custom",
      "roles": "element,custom",
      "monitored": false
    },
    "control94": {
      "location": {
        "data": {
          "tagName": "TABLE"
        },
        "locators": [
          {
            "id": "text",
            "prob": 3,
            "value": {
              "text": [
                "成员名称 所属公司 所属部门 职务 担任本次招标工作 刘宝山 中弘股份 招标采购部 经理 陈光耀 中弘股份 中弘大厦项目部 经理 张雪林 中弘股份 成本管理部 经理 衣晓伟 中弘股份 成本管理部 成本经理（土建） 蔡浩 中弘股份 中弘广场项目部 工程经理（土建） 陈涛 中弘股份 规划设计部 设计经理（暖通）"
              ],
              "visText": [
                "成员名称 所属公司 所属部门 职务 担任本次招标工作 刘宝山 中弘股份 招标采购部 经理 陈光耀 中弘股份 中弘大厦项目部 经理 张雪林 中弘股份 成本管理部 经理 衣晓伟 中弘股份 成本管理部 成本经理（土建） 蔡浩 中弘股份 中弘广场项目部 工程经理（土建） 陈涛 中弘股份 规划设计部 设计经理（暖通）"
              ]
            }
          },
          {
            "id": "@class/word",
            "prob": 1,
            "value": "BODY.ext-webkit.ext-chrome.ext-mac TABLE.table02 TABLE.wd_tablelist01"
          },
          {
            "id": "path/ordinal",
            "prob": 1,
            "value": "/HTML[1]/BODY[1]/TABLE[1]/TBODY[1]/TR[1]/TD[1]/TABLE[2]"
          },
          {
            "id": "shield",
            "value": {
              "zIndex": "auto",
              "width": 1076,
              "height": 183
            }
          }
        ]
      },
      "events": {
        "onGetData": "getData_control94"
      },
      "intendedRole": "custom",
      "roles": "element,custom",
      "monitored": false
    }
  },
  "contexts": {
    "context14": {
      "controls": [
        "control87",
        "control88",
        "control89",
        "control90",
        "control91",
        "control92",
        "control93",
        "control94"
      ],
      "anchors": []
    }
  },
  "flows": {
    "flow32": {
      "toContexts": [
        {
          "toContextId": "context14"
        }
      ]
    },
    "flow33": {
      "fromContextId": "context14",
      "fromAction": "click",
      "fromControlId": "control94",
      "toContexts": [
        {
          "toContextId": "context14"
        }
      ]
    }
  },
  "pages": {
    "page13": {
      "contextId": "context14",
      "layout": [
        {
          "id": "uiControl149",
          "controlId": "control88",
          "display": {
            "adapterId": "custom",
            "type": "custom",
            "adapter": {
              "templateType": "react",
              "events": {
                "onDoAction": "doAction_uiControl149",
                "onGetTemplate": "getTemplate_uiControl149"
              }
            }
          }
        },
        {
          "id": "uiControl148",
          "controlId": "control87",
          "display": {
            "adapterId": "content",
            "type": "content",
            "class": "pageTitle",
            "adapter": {
              "templateType": ""
            }
          }
        },
        {
          "id": "uiControl160",
          "display": {
            "type": "card",
            "adapterId": "card",
            "class": "content",
            "adapter": {
              "templateType": ""
            }
          },
          "layout": [
            {
              "id": "uiControl160body",
              "display": {
                "type": "cardBody",
                "adapterId": "cardBody",
                "adapter": {
                  "templateType": ""
                }
              },
              "layout": [
                {
                  "id": "uiControl161",
                  "controlId": "control94",
                  "display": {
                    "adapterId": "custom",
                    "type": "custom",
                    "adapter": {
                      "templateType": "react",
                      "events": {
                        "onDoAction": "doAction_uiControl161",
                        "onGetTemplate": "getTemplate_uiControl161"
                      }
                    }
                  }
                }
              ]
            }
          ]
        },
        {
          "id": "uiControl158",
          "display": {
            "type": "card",
            "adapterId": "card",
            "class": "content",
            "adapter": {
              "templateType": ""
            }
          },
          "layout": [
            {
              "id": "uiControl158body",
              "display": {
                "type": "cardBody",
                "adapterId": "cardBody",
                "adapter": {
                  "templateType": ""
                }
              },
              "layout": [
                {
                  "id": "uiControl159",
                  "controlId": "control93",
                  "display": {
                    "adapterId": "custom",
                    "type": "custom",
                    "adapter": {
                      "templateType": "react",
                      "events": {
                        "onDoAction": "doAction_uiControl159",
                        "onGetTemplate": "getTemplate_uiControl159"
                      }
                    }
                  }
                }
              ]
            }
          ]
        },
        {
          "id": "uiControl150",
          "display": {
            "type": "card",
            "adapterId": "card",
            "class": "content",
            "adapter": {
              "templateType": ""
            }
          },
          "layout": [
            {
              "id": "uiControl150body",
              "display": {
                "type": "cardBody",
                "adapterId": "cardBody",
                "adapter": {
                  "templateType": ""
                }
              },
              "layout": [
                {
                  "id": "uiControl151",
                  "controlId": "control89",
                  "display": {
                    "adapterId": "custom",
                    "type": "custom",
                    "adapter": {
                      "templateType": "react",
                      "events": {
                        "onDoAction": "doAction_uiControl151",
                        "onGetTemplate": "getTemplate_uiControl151"
                      }
                    }
                  }
                }
              ]
            }
          ]
        },
        {
          "id": "uiControl152",
          "display": {
            "type": "card",
            "adapterId": "card",
            "class": "content",
            "adapter": {
              "templateType": ""
            }
          },
          "layout": [
            {
              "id": "uiControl152body",
              "display": {
                "type": "cardBody",
                "adapterId": "cardBody",
                "adapter": {
                  "templateType": ""
                }
              },
              "layout": [
                {
                  "id": "uiControl153",
                  "controlId": "control90",
                  "display": {
                    "adapterId": "custom",
                    "type": "custom",
                    "adapter": {
                      "templateType": "react",
                      "events": {
                        "onDoAction": "doAction_uiControl153",
                        "onGetTemplate": "getTemplate_uiControl153"
                      }
                    }
                  }
                }
              ]
            }
          ]
        },
        {
          "id": "uiControl154",
          "display": {
            "type": "card",
            "adapterId": "card",
            "class": "content",
            "adapter": {
              "templateType": ""
            }
          },
          "layout": [
            {
              "id": "uiControl154body",
              "display": {
                "type": "cardBody",
                "adapterId": "cardBody",
                "adapter": {
                  "templateType": ""
                }
              },
              "layout": [
                {
                  "id": "uiControl155",
                  "controlId": "control91",
                  "display": {
                    "adapterId": "custom",
                    "type": "custom",
                    "adapter": {
                      "templateType": "react",
                      "events": {
                        "onDoAction": "doAction_uiControl155",
                        "onGetTemplate": "getTemplate_uiControl155"
                      }
                    }
                  }
                }
              ]
            }
          ]
        },
        {
          "id": "uiControl156",
          "display": {
            "type": "card",
            "adapterId": "card",
            "class": "content",
            "adapter": {
              "templateType": ""
            }
          },
          "layout": [
            {
              "id": "uiControl156body",
              "display": {
                "type": "cardBody",
                "adapterId": "cardBody",
                "adapter": {
                  "templateType": ""
                }
              },
              "layout": [
                {
                  "id": "uiControl157",
                  "controlId": "control92",
                  "display": {
                    "adapterId": "custom",
                    "type": "custom",
                    "adapter": {
                      "templateType": "react",
                      "events": {
                        "onDoAction": "doAction_uiControl157",
                        "onGetTemplate": "getTemplate_uiControl157"
                      }
                    }
                  }
                }
              ]
            }
          ]
        }
      ]
    }
  },
  "matchers": {
    "page/title": {
      "contexts": {
        "context14": [
          "成立招标小组审批"
        ]
      }
    },
    "page/urls": {
      "contexts": {
        "context14": [
          "10.1.36.1:8083/zw_expert!view.do?approveId=180621&spWorkItemId=180788&spFlowCode=3278&projectId=180595&targetId=&is_yb=1"
        ]
      }
    },
    "page/ids": {
      "contexts": {
        "context14": [
          [
            "expertListSize",
            "spList"
          ]
        ]
      }
    },
    "page/classes": {
      "contexts": {
        "context14": [
          [
            "cred",
            "divh",
            "divh_title",
            "gkol",
            "gkyd_green",
            "gkyd_red",
            "heightspace",
            "sd",
            "table",
            "table_fj",
            "wd_tablelist"
          ]
        ]
      }
    },
    "page/tagTriplets": {
      "contexts": {
        "context14": [
          [
            "-/-/SCRIPT",
            "-/-/SPAN",
            "-/-/TABLE",
            "-/TABLE/TBODY",
            "OL/LI/SPAN",
            "TABLE/TBODY/TR",
            "TBODY/TR/TD",
            "TBODY/TR/TH",
            "TD/DIV/A",
            "TD/DIV/FONT",
            "TD/DIV/IMG",
            "TD/OL/LI",
            "TD/TABLE/INPUT-hidden",
            "TD/TABLE/TBODY",
            "TR/TD/DIV",
            "TR/TD/IFRAME",
            "TR/TD/OL",
            "TR/TD/TABLE"
          ]
        ]
      }
    }
  }
}