{
  "version": "0.1",
  "id": "shangwutanpan",
  "targetURL": "http://10.1.36.1:8083/entrust_swtp!tpView.do?approveId=182103&spWorkItemId=183574&spFlowCode=4827&projectId=181243&targetId=&is_yb=1",
  "jsFile": "index.js",
  "requires": {
    "tishi": "../tishi/index.json"
  },
  "chineseName": "shangwutanpan",
  "description": "shangwutanpan",
  "controls": {
    "control79": {
      "location": {
        "data": {
          "tagName": "DIV"
        },
        "locators": [
          {
            "id": "button/text",
            "prob": 3,
            "ordinal": [
              1,
              2
            ],
            "value": {
              "text": [
                "平房控制点测放及河渠钉桩工程第1次洽商[紧急] 北京市测绘设计研究院"
              ],
              "visText": [
                "平房控制点测放及河渠钉桩工程第1次洽商[紧急] 北京市测绘设计研究院"
              ]
            }
          },
          {
            "id": "text",
            "prob": 3,
            "value": {
              "text": [
                "平房控制点测放及河渠钉桩工程第1次洽商[紧急] 北京市测绘设计研究院"
              ],
              "visText": [
                "平房控制点测放及河渠钉桩工程第1次洽商[紧急] 北京市测绘设计研究院"
              ]
            }
          },
          {
            "id": "@class/word",
            "prob": 1,
            "value": "TABLE.table02 DIV.divh1 DIV"
          },
          {
            "id": "path/ordinal",
            "prob": 1,
            "value": "/HTML[1]/BODY[1]/TABLE[1]/TBODY[1]/TR[1]/TD[1]/DIV[1]/DIV[1]"
          },
          {
            "id": "shield",
            "value": {
              "zIndex": "auto",
              "width": 1076,
              "height": 78
            }
          }
        ]
      },
      "roles": "element",
      "content": true,
      "monitored": false
    },
    "control80": {
      "location": {
        "data": {
          "tagName": "DIV"
        },
        "locators": [
          {
            "id": "button/text",
            "prob": 3,
            "ordinal": [
              1,
              2
            ],
            "value": {
              "text": [
                "平房控制点测放及河渠钉桩工程第1次洽商[紧急] 北京市测绘设计研究院"
              ],
              "visText": [
                "平房控制点测放及河渠钉桩工程第1次洽商[紧急] 北京市测绘设计研究院"
              ]
            }
          },
          {
            "id": "text",
            "prob": 3,
            "value": {
              "text": [
                "平房控制点测放及河渠钉桩工程第1次洽商[紧急] 北京市测绘设计研究院"
              ],
              "visText": [
                "平房控制点测放及河渠钉桩工程第1次洽商[紧急] 北京市测绘设计研究院"
              ]
            }
          },
          {
            "id": "@class/word",
            "prob": 1,
            "value": "TABLE.table02 DIV.divh1 DIV"
          },
          {
            "id": "path/ordinal",
            "prob": 1,
            "value": "/HTML[1]/BODY[1]/TABLE[1]/TBODY[1]/TR[1]/TD[1]/DIV[1]/DIV[1]"
          },
          {
            "id": "shield",
            "value": {
              "zIndex": "auto",
              "width": 1076,
              "height": 78
            }
          }
        ]
      },
      "events": {
        "onGetData": "getData_control80"
      },
      "intendedRole": "custom",
      "roles": "element,custom",
      "monitored": false
    },
    "control81": {
      "location": {
        "data": {
          "tagName": "TD"
        },
        "locators": [
          {
            "id": "@class/word",
            "prob": 1,
            "value": "TABLE.table02 TABLE.wd_tablelist03 TBODY TR TD"
          },
          {
            "id": "path/ordinal",
            "prob": 1,
            "value": "/HTML[1]/BODY[1]/TABLE[1]/TBODY[1]/TR[1]/TD[1]/TABLE[10]/TBODY[1]/TR[1]/TD[1]"
          },
          {
            "id": "shield",
            "value": {
              "zIndex": "auto",
              "width": 1074,
              "height": 25
            }
          }
        ]
      },
      "events": {
        "onGetData": "getData_control81"
      },
      "intendedRole": "custom",
      "roles": "element,custom",
      "monitored": false
    },
    "control82": {
      "location": {
        "data": {
          "tagName": "TBODY"
        },
        "locators": [
          {
            "id": "@class/word",
            "prob": 1,
            "ordinal": [
              0,
              2
            ],
            "value": "BODY.ext-webkit.ext-chrome.ext-mac TABLE.table_fj TBODY"
          },
          {
            "id": "path/ordinal",
            "prob": 1,
            "value": "/HTML[1]/BODY[1]/TABLE[2]/TBODY[1]"
          },
          {
            "id": "shield",
            "value": {
              "zIndex": "auto",
              "width": 1076,
              "height": 287
            }
          }
        ]
      },
      "events": {
        "onGetData": "getData_control82"
      },
      "intendedRole": "custom",
      "roles": "element,link,custom",
      "monitored": true,
      "frameXPath": "//iframe[@id='spList']<<IFRAME>>"
    },
    "control83": {
      "location": {
        "data": {
          "tagName": "TD"
        },
        "locators": [
          {
            "id": "text",
            "prob": 3,
            "value": {
              "text": [
                "经办人 胡晓亮 招标小组成员与谈判小组成员会签 高茹,蔡浩,陈涛 分管部门经理 陈光耀 区域公司成本管理部经理 张雪林 区域公司招标采购部经理 刘宝山 区域公司副总经理（招采） 杨兆清 区域公司总经理 徐文亮"
              ],
              "visText": [
                "经办人 胡晓亮 招标小组成员与谈判小组成员会签 高茹,蔡浩,陈涛 分管部门经理 陈光耀 区域公司成本管理部经理 张雪林 区域公司招标采购部经理 刘宝山 区域公司副总经理（招采） 杨兆清 区域公司总经理 徐文亮"
              ]
            }
          },
          {
            "id": "@id/word",
            "prob": 2,
            "value": [
              "descendant::FORM[@id=\"sp_frm\"]/TABLE[1]/TBODY[1]/TR[1]/TD[1]",
              "descendant::FORM[@id=\"sp_frm\"]//TD"
            ]
          },
          {
            "id": "@class/word",
            "prob": 1,
            "ordinal": [
              0,
              8
            ],
            "value": "BODY.ext-webkit.ext-chrome.ext-mac TABLE.wd_tablelist04 TBODY TR TD"
          },
          {
            "id": "path/ordinal",
            "prob": 1,
            "value": "/HTML[1]/BODY[1]/FORM[1]/TABLE[1]/TBODY[1]/TR[1]/TD[1]"
          },
          {
            "id": "shield",
            "value": {
              "zIndex": "auto",
              "width": 921,
              "height": 36
            }
          }
        ]
      },
      "events": {
        "onGetData": "getData_control83"
      },
      "intendedRole": "custom",
      "roles": "element,custom",
      "monitored": false,
      "frameXPath": "//iframe[@id='spList']<<IFRAME>>"
    },
    "control84": {
      "location": {
        "data": {
          "tagName": "TBODY"
        },
        "locators": [
          {
            "id": "text",
            "prob": 3,
            "value": {
              "text": [
                "审批流程： 经办人 胡晓亮 招标小组成员与谈判小组成员会签 高茹,蔡浩,陈涛 分管部门经理 陈光耀 区域公司成本管理部经理 张雪林 区域公司招标采购部经理 刘宝山 区域公司副总经理（招采） 杨兆清 区域公司总经理 徐文亮 意见*: 审批常用语: 请选择 同意 不同意 请领导审批 请提出建议 转发人*:"
              ],
              "visText": [
                "审批流程： 经办人 胡晓亮 招标小组成员与谈判小组成员会签 高茹,蔡浩,陈涛 分管部门经理 陈光耀 区域公司成本管理部经理 张雪林 区域公司招标采购部经理 刘宝山 区域公司副总经理（招采） 杨兆清 区域公司总经理 徐文亮"
              ]
            }
          },
          {
            "id": "@id/word",
            "prob": 2,
            "value": [
              "descendant::FORM[@id=\"sp_frm\"]/TABLE[1]/TBODY[1]",
              "descendant::FORM[@id=\"sp_frm\"]//TBODY"
            ]
          },
          {
            "id": "@class/word",
            "prob": 1,
            "ordinal": [
              0,
              2
            ],
            "value": "BODY.ext-webkit.ext-chrome.ext-mac TABLE.wd_tablelist04 TBODY"
          },
          {
            "id": "path/ordinal",
            "prob": 1,
            "value": "/HTML[1]/BODY[1]/FORM[1]/TABLE[1]/TBODY[1]"
          },
          {
            "id": "shield",
            "value": {
              "zIndex": "auto",
              "width": 1076,
              "height": 65
            }
          }
        ]
      },
      "events": {
        "onGetData": "getData_control84"
      },
      "intendedRole": "custom",
      "roles": "element,link,custom",
      "monitored": true,
      "frameXPath": "//iframe[@id='spList']<<IFRAME>>"
    },
    "control85": {
      "location": {
        "data": {
          "tagName": "TD"
        },
        "locators": [
          {
            "id": "@class/word",
            "prob": 1,
            "ordinal": [
              0,
              42
            ],
            "value": "TABLE.table02 TBODY TR TD"
          },
          {
            "id": "path/ordinal",
            "prob": 1,
            "ordinal": [
              0,
              2
            ],
            "value": "/HTML[1]/BODY[1]/TABLE[1]/TBODY[1]/TR[1]/TD[1]"
          },
          {
            "id": "shield",
            "value": {
              "zIndex": "auto",
              "width": 1076,
              "height": 1504
            }
          }
        ]
      },
      "events": {
        "onGetData": "getData_control85"
      },
      "intendedRole": "custom",
      "roles": "element,custom",
      "monitored": false
    },
    "control86": {
      "location": {
        "data": {
          "tagName": "TABLE"
        },
        "locators": [
          {
            "id": "@class/word",
            "prob": 1,
            "value": "TABLE.table02 TABLE.wd_tablelist04"
          },
          {
            "id": "path/ordinal",
            "prob": 1,
            "value": "/HTML[1]/BODY[1]/TABLE[1]/TBODY[1]/TR[1]/TD[1]/TABLE[2]"
          },
          {
            "id": "shield",
            "value": {
              "zIndex": "auto",
              "width": 1076,
              "height": 332
            }
          }
        ]
      },
      "events": {
        "onGetData": "getData_control86"
      },
      "intendedRole": "custom",
      "roles": "element,custom",
      "monitored": false
    }
  },
  "contexts": {
    "context13": {
      "controls": [
        "control79",
        "control80",
        "control81",
        "control82",
        "control83",
        "control84",
        "control85",
        "control86"
      ],
      "anchors": []
    }
  },
  "flows": {
    "flow30": {
      "toContexts": [
        {
          "toContextId": "context13"
        }
      ]
    },
    "flow31": {
      "fromContextId": "context13",
      "fromAction": "click",
      "fromControlId": "control86",
      "toContexts": [
        {
          "toContextId": "context13"
        }
      ]
    },
    "flow41": {
      "fromContextId": "context13",
      "fromAction": "doAction",
      "fromControlId": "control85",
      "toContexts": [
        {
          "toContextId": "context13"
        },
        {
          "toContextId": "context16",
          "toModelId": "tishi"
        }
      ]
    }
  },
  "pages": {
    "page12": {
      "contextId": "context13",
      "layout": [
        {
          "id": "uiControl135",
          "controlId": "control80",
          "display": {
            "adapterId": "custom",
            "type": "custom",
            "adapter": {
              "templateType": "react",
              "events": {
                "onDoAction": "doAction_uiControl135",
                "onGetTemplate": "getTemplate_uiControl135"
              }
            }
          }
        },
        {
          "id": "uiControl134",
          "controlId": "control79",
          "display": {
            "adapterId": "content",
            "type": "content",
            "class": "pageTitle",
            "adapter": {
              "templateType": ""
            }
          }
        },
        {
          "id": "uiControl146",
          "display": {
            "type": "card",
            "adapterId": "card",
            "class": "content",
            "adapter": {
              "templateType": ""
            }
          },
          "layout": [
            {
              "id": "uiControl146body",
              "display": {
                "type": "cardBody",
                "adapterId": "cardBody",
                "adapter": {
                  "templateType": ""
                }
              },
              "layout": [
                {
                  "id": "uiControl147",
                  "controlId": "control86",
                  "display": {
                    "adapterId": "custom",
                    "type": "custom",
                    "adapter": {
                      "templateType": "react",
                      "events": {
                        "onDoAction": "doAction_uiControl147",
                        "onGetTemplate": "getTemplate_uiControl147"
                      }
                    }
                  }
                }
              ]
            }
          ]
        },
        {
          "id": "uiControl144",
          "display": {
            "type": "card",
            "adapterId": "card",
            "class": "content",
            "adapter": {
              "templateType": ""
            }
          },
          "layout": [
            {
              "id": "uiControl144body",
              "display": {
                "type": "cardBody",
                "adapterId": "cardBody",
                "adapter": {
                  "templateType": ""
                }
              },
              "layout": [
                {
                  "id": "uiControl145",
                  "controlId": "control85",
                  "display": {
                    "adapterId": "custom",
                    "type": "custom",
                    "adapter": {
                      "templateType": "react",
                      "events": {
                        "onDoAction": "doAction_uiControl145",
                        "onGetTemplate": "getTemplate_uiControl145"
                      }
                    }
                  }
                }
              ]
            }
          ]
        },
        {
          "id": "uiControl136",
          "display": {
            "type": "card",
            "adapterId": "card",
            "class": "content",
            "adapter": {
              "templateType": ""
            }
          },
          "layout": [
            {
              "id": "uiControl136body",
              "display": {
                "type": "cardBody",
                "adapterId": "cardBody",
                "adapter": {
                  "templateType": ""
                }
              },
              "layout": [
                {
                  "id": "uiControl137",
                  "controlId": "control81",
                  "display": {
                    "adapterId": "custom",
                    "type": "custom",
                    "adapter": {
                      "templateType": "react",
                      "events": {
                        "onDoAction": "doAction_uiControl137",
                        "onGetTemplate": "getTemplate_uiControl137"
                      }
                    }
                  }
                }
              ]
            }
          ]
        },
        {
          "id": "uiControl140",
          "display": {
            "type": "card",
            "adapterId": "card",
            "class": "content",
            "adapter": {
              "templateType": ""
            }
          },
          "layout": [
            {
              "id": "uiControl140body",
              "display": {
                "type": "cardBody",
                "adapterId": "cardBody",
                "adapter": {
                  "templateType": ""
                }
              },
              "layout": [
                {
                  "id": "uiControl142",
                  "controlId": "control83",
                  "display": {
                    "adapterId": "custom",
                    "type": "custom",
                    "adapter": {
                      "templateType": "react",
                      "events": {
                        "onDoAction": "doAction_uiControl142",
                        "onGetTemplate": "getTemplate_uiControl142"
                      }
                    }
                  }
                }
              ]
            }
          ]
        },
        {
          "id": "uiControl141",
          "display": {
            "type": "card",
            "adapterId": "card",
            "class": "content",
            "adapter": {
              "templateType": ""
            }
          },
          "layout": [
            {
              "id": "uiControl141body",
              "display": {
                "type": "cardBody",
                "adapterId": "cardBody",
                "adapter": {
                  "templateType": ""
                }
              },
              "layout": [
                {
                  "id": "uiControl143",
                  "controlId": "control84",
                  "display": {
                    "adapterId": "custom",
                    "type": "custom",
                    "adapter": {
                      "templateType": "react",
                      "events": {
                        "onDoAction": "doAction_uiControl143",
                        "onGetTemplate": "getTemplate_uiControl143"
                      }
                    }
                  }
                }
              ]
            }
          ]
        },
        {
          "id": "uiControl138",
          "display": {
            "type": "card",
            "adapterId": "card",
            "class": "content",
            "adapter": {
              "templateType": ""
            }
          },
          "layout": [
            {
              "id": "uiControl138body",
              "display": {
                "type": "cardBody",
                "adapterId": "cardBody",
                "adapter": {
                  "templateType": ""
                }
              },
              "layout": [
                {
                  "id": "uiControl139",
                  "controlId": "control82",
                  "display": {
                    "adapterId": "custom",
                    "type": "custom",
                    "adapter": {
                      "templateType": "react",
                      "events": {
                        "onDoAction": "doAction_uiControl139",
                        "onGetTemplate": "getTemplate_uiControl139"
                      }
                    }
                  }
                }
              ]
            }
          ]
        }
      ]
    }
  },
  "matchers": {
    "page/title": {
      "contexts": {
        "context13": [
          "商务洽商_审批"
        ]
      }
    },
    "page/urls": {
      "contexts": {
        "context13": [
          "10.1.36.1:8083/entrust_swtp!tpView.do?approveId=182103&spWorkItemId=183574&spFlowCode=4827&projectId=181243&targetId=&is_yb=1"
        ],
        "context16": [
          "10.1.36.1:8083/file!download.do?id=180583",
          "10.1.36.1:8083/file!download.en?id=757659",
          "10.1.36.1:8083/file!download.do?id=182079"
        ]
      }
    },
    "page/ids": {
      "contexts": {
        "context13": [
          [
            "download",
            "fileTd",
            "fileTr",
            "hidden_frame",
            "noteTd",
            "spList",
            "titleTr",
            "todoTable"
          ]
        ]
      }
    },
    "page/classes": {
      "contexts": {
        "context13": [
          [
            "clear",
            "divh",
            "divh_title",
            "gkol",
            "heightspace",
            "sd",
            "table",
            "table_fj",
            "wd_tablelist"
          ]
        ]
      }
    },
    "page/tagTriplets": {
      "contexts": {
        "context13": [
          [
            "-/-/IFRAME",
            "-/-/TABLE",
            "-/TABLE/TBODY",
            "DIV/DIV/BR",
            "DIV/DIV/FONT",
            "TABLE/TBODY/TR",
            "TBODY/TR/TD",
            "TBODY/TR/TH",
            "TD/A/IMG",
            "TD/DIV/A",
            "TD/DIV/DIV",
            "TD/DIV/IMG",
            "TD/TABLE/TBODY",
            "TR/TD/A",
            "TR/TD/BR",
            "TR/TD/DIV",
            "TR/TD/IFRAME",
            "TR/TD/OL",
            "TR/TD/TABLE",
            "TR/TH/BR",
            "TR/TH/STRONG"
          ]
        ]
      }
    }
  }
}