{
  "version": "0.1",
  "id": "shangwufeibiao",
  "targetURL": "http://10.1.36.1:8083/approve!index.do?projectId=282674&approveId=469640&spActivityInsId=469617&spFlowCode=3864&userCode=469640&spWorkItemId=470198&is_yb=1",
  "jsFile": "index.js",
  "chineseName": "商务标废标审批",
  "description": "",
  "controls": {
    "control16": {
      "location": {
        "data": {
          "tagName": "TD"
        },
        "locators": [
          {
            "id": "button/text",
            "prob": 3,
            "value": {
              "text": [
                "审批信息查看 传阅 打印 关闭"
              ],
              "visText": [
                "审批信息查看 传阅 打印 关闭"
              ]
            }
          },
          {
            "id": "text",
            "prob": 3,
            "value": {
              "text": [
                "审批信息查看 传阅 打印 关闭"
              ],
              "visText": [
                "审批信息查看 传阅打印关闭"
              ]
            }
          },
          {
            "id": "@id/nonWord",
            "prob": 1,
            "disabled": true,
            "fact": "_a",
            "value": "descendant::TABLE[@id=\"_a\"]/TBODY[1]/TR[1]/TD[1]"
          },
          {
            "id": "@class/word",
            "prob": 1,
            "value": "BODY.ext-webkit.ext-chrome DIV.wdtable_title_sp.Noprn TABLE.wdtable_title TBODY TR TD"
          },
          {
            "id": "path/ordinal",
            "prob": 1,
            "value": "/HTML[1]/BODY[1]/DIV[1]/TABLE[1]/TBODY[1]/TR[1]/TD[1]"
          },
          {
            "id": "shield",
            "value": {
              "zIndex": "auto",
              "width": 1100,
              "height": 32
            }
          }
        ]
      },
      "events": {
        "onGetData": "getData_control16"
      },
      "intendedRole": "custom",
      "roles": "element,custom",
      "monitored": false
    },
    "control22": {
      "location": {
        "data": {
          "tagName": "DIV"
        },
        "locators": [
          {
            "id": "button/text",
            "prob": 3,
            "value": {
              "text": [
                "夏各庄一期5A地块园林绿化工程园林工程类项目招标-商务标废标审批"
              ],
              "visText": [
                "夏各庄一期5A地块园林绿化工程园林工程类项目招标-商务标废标审批"
              ]
            }
          },
          {
            "id": "text",
            "prob": 3,
            "value": {
              "text": [
                "夏各庄一期5A地块园林绿化工程园林工程类项目招标-商务标废标审批"
              ],
              "visText": [
                "夏各庄一期5A地块园林绿化工程园林工程类项目招标-商务标废标审批"
              ]
            }
          },
          {
            "id": "@class/word",
            "prob": 1,
            "ordinal": [
              0,
              2
            ],
            "value": "BODY.ext-webkit.ext-chrome TABLE.table02 DIV.divh1"
          },
          {
            "id": "path/ordinal",
            "prob": 1,
            "value": "/HTML[1]/BODY[1]/TABLE[1]/TBODY[1]/TR[1]/TD[1]/DIV[1]"
          },
          {
            "id": "elderLevel",
            "value": {
              "level": 0
            }
          },
          {
            "id": "shield",
            "value": {
              "zIndex": "auto",
              "width": 1076,
              "height": 39
            }
          }
        ]
      },
      "roles": "element",
      "content": true,
      "monitored": false,
      "frameXPath": "//iframe[@id='nodeFrame']<<IFRAME>>"
    },
    "control45": {
      "location": {
        "data": {
          "tagName": "TBODY"
        },
        "locators": [
          {
            "id": "@class/word",
            "prob": 1,
            "ordinal": [
              0,
              4
            ],
            "value": "BODY.ext-webkit.ext-chrome TABLE.table02 TABLE.wd_tablelist03 TBODY"
          },
          {
            "id": "path/ordinal",
            "prob": 1,
            "value": "/HTML[1]/BODY[1]/TABLE[1]/TBODY[1]/TR[1]/TD[1]/TABLE[2]/TBODY[1]"
          },
          {
            "id": "shield",
            "value": {
              "zIndex": "auto",
              "width": 1076,
              "height": 106
            }
          }
        ]
      },
      "events": {
        "onGetData": "getData_control45"
      },
      "intendedRole": "custom",
      "roles": "element,custom",
      "monitored": true,
      "frameXPath": "//iframe[@id='nodeFrame']<<IFRAME>>"
    },
    "control33": {
      "location": {
        "data": {
          "tagName": "TBODY"
        },
        "locators": [
          {
            "id": "@class/word",
            "prob": 1,
            "ordinal": [
              0,
              2
            ],
            "value": "BODY.ext-webkit.ext-chrome TABLE.table02 TABLE.table_fj TBODY"
          },
          {
            "id": "path/ordinal",
            "prob": 1,
            "value": "/HTML[1]/BODY[1]/TABLE[1]/TBODY[1]/TR[1]/TD[1]/TABLE[4]/TBODY[1]"
          },
          {
            "id": "shield",
            "value": {
              "zIndex": "auto",
              "width": 1076,
              "height": 27
            }
          }
        ]
      },
      "events": {
        "onGetData": "getData_control33"
      },
      "intendedRole": "custom",
      "roles": "element,custom",
      "monitored": false,
      "frameXPath": "//iframe[@id='nodeFrame']<<IFRAME>>"
    },
    "control44": {
      "location": {
        "data": {
          "tagName": "TD"
        },
        "locators": [
          {
            "id": "text",
            "prob": 3,
            "value": {
              "text": [
                "经办人 聂瑞海 招标小组成员 何圣波,施婷婷,赵磊,黄成谋 招标小组组长 苏庆华 区域公司成本管理部经理 张雪林 区域公司招标采购部经理 刘宝山 区域公司副总经理（招采） 杨兆清 区域公司总经理 徐文亮 成本管理中心总经理 杨爱兵 招标采购中心总经理 巨峰 总裁 赵毅"
              ],
              "visText": [
                "经办人 聂瑞海 招标小组成员 何圣波,施婷婷,赵磊,黄成谋 招标小组组长 苏庆华 区域公司成本管理部经理 张雪林 区域公司招标采购部经理 刘宝山 区域公司副总经理（招采） 杨兆清 区域公司总经理 徐文亮 成本管理中心总经理 杨爱兵 招标采购中心总经理 巨峰 总裁 赵毅"
              ]
            }
          },
          {
            "id": "@id/word",
            "prob": 2,
            "value": [
              "descendant::FORM[@id=\"sp_frm\"]/TABLE[1]/TBODY[1]/TR[1]/TD[1]",
              "descendant::FORM[@id=\"sp_frm\"]//TD"
            ]
          },
          {
            "id": "@class/word",
            "prob": 1,
            "ordinal": [
              0,
              12
            ],
            "value": "BODY.ext-webkit.ext-chrome TABLE.wd_tablelist04 TBODY TR TD"
          },
          {
            "id": "path/ordinal",
            "prob": 1,
            "value": "/HTML[1]/BODY[1]/FORM[1]/TABLE[1]/TBODY[1]/TR[1]/TD[1]"
          },
          {
            "id": "shield",
            "value": {
              "zIndex": "auto",
              "width": 921,
              "height": 50
            }
          }
        ]
      },
      "events": {
        "onGetData": "getData_control44"
      },
      "intendedRole": "custom",
      "roles": "element,custom",
      "monitored": false,
      "frameXPath": "//iframe[@id='nodeFrame']<<IFRAME>>//iframe[@id='spList']<<IFRAME>>"
    },
    "control47": {
      "location": {
        "data": {
          "tagName": "TBODY"
        },
        "locators": [
          {
            "id": "@class/word",
            "prob": 1,
            "ordinal": [
              0,
              3
            ],
            "value": "BODY.ext-webkit.ext-chrome TABLE.table_fj TBODY"
          },
          {
            "id": "path/ordinal",
            "prob": 1,
            "value": "/HTML[1]/BODY[1]/TABLE[2]/TBODY[1]"
          },
          {
            "id": "shield",
            "value": {
              "zIndex": "auto",
              "width": 1076,
              "height": 391
            }
          }
        ]
      },
      "events": {
        "onGetData": "getData_control47"
      },
      "intendedRole": "custom",
      "roles": "element,link,custom",
      "monitored": true,
      "frameXPath": "//iframe[@id='nodeFrame']<<IFRAME>>//iframe[@id='spList']<<IFRAME>>"
    },
    "control48": {
      "location": {
        "data": {
          "tagName": "OL"
        },
        "locators": [
          {
            "id": "button/text",
            "prob": 3,
            "value": {
              "text": [
                "标段二正常投标供应商1家，本次即将废标1家，有效供应商小于3家。"
              ],
              "visText": [
                "标段二正常投标供应商1家，本次即将废标1家，有效供应商小于3家。"
              ]
            }
          },
          {
            "id": "text",
            "prob": 3,
            "value": {
              "text": [
                "标段二正常投标供应商1家，本次即将废标1家，有效供应商小于3家。"
              ],
              "visText": [
                "标段二正常投标供应商1家，本次即将废标1家，有效供应商小于3家。"
              ]
            }
          },
          {
            "id": "@class/word",
            "prob": 1,
            "ordinal": [
              0,
              2
            ],
            "value": "TABLE.table02 TABLE.wd_tablelist03 OL.gkol"
          },
          {
            "id": "path/ordinal",
            "prob": 1,
            "value": "/HTML[1]/BODY[1]/TABLE[1]/TBODY[1]/TR[1]/TD[1]/TABLE[6]/TBODY[1]/TR[1]/TD[1]/OL[1]"
          },
          {
            "id": "shield",
            "value": {
              "zIndex": "auto",
              "width": 1002,
              "height": 30
            }
          }
        ]
      },
      "events": {
        "onGetData": "getData_control48"
      },
      "intendedRole": "custom",
      "roles": "element,custom",
      "monitored": true,
      "frameXPath": "//iframe[@id='nodeFrame']<<IFRAME>>"
    },
    "control106": {
      "location": {
        "data": {
          "tagName": "TABLE"
        },
        "locators": [
          {
            "id": "text",
            "prob": 3,
            "value": {
              "text": [
                "审批流程： 经办人 聂瑞海 招标小组成员 何圣波,施婷婷,赵磊,黄成谋 招标小组组长 苏庆华 区域公司成本管理部经理 张雪林 区域公司招标采购部经理 刘宝山 区域公司副总经理（招采） 杨兆清 区域公司总经理 徐文亮 成本管理中心总经理 杨爱兵 招标采购中心总经理 巨峰 总裁 赵毅 意见*: 审批常用语: 请选择 同意 不同意 请领导审批 请提出建议 转发人*:"
              ],
              "visText": [
                "审批流程： 经办人 聂瑞海 招标小组成员 何圣波,施婷婷,赵磊,黄成谋 招标小组组长 苏庆华 区域公司成本管理部经理 张雪林 区域公司招标采购部经理 刘宝山 区域公司副总经理（招采） 杨兆清 区域公司总经理 徐文亮 成本管理中心总经理 杨爱兵 招标采购中心总经理 巨峰 总裁 赵毅"
              ]
            }
          },
          {
            "id": "@id/word",
            "prob": 2,
            "value": [
              "descendant::FORM[@id=\"sp_frm\"]/TABLE[1]",
              "descendant::FORM[@id=\"sp_frm\"]//TABLE"
            ]
          },
          {
            "id": "@class/word",
            "prob": 1,
            "ordinal": [
              0,
              3
            ],
            "value": "BODY.ext-webkit.ext-chrome.ext-mac TABLE.wd_tablelist04"
          },
          {
            "id": "path/ordinal",
            "prob": 1,
            "value": "/HTML[1]/BODY[1]/FORM[1]/TABLE[1]"
          },
          {
            "id": "shield",
            "value": {
              "zIndex": "auto",
              "width": 1076,
              "height": 79
            }
          }
        ]
      },
      "events": {
        "onGetData": "getData_control106"
      },
      "intendedRole": "custom",
      "roles": "element,link,custom",
      "monitored": false,
      "frameXPath": "//iframe[@id='nodeFrame']<<IFRAME>>//iframe[@id='spList']<<IFRAME>>"
    }
  },
  "contexts": {
    "context8": {
      "controls": [
        "control16",
        "control22",
        "control45",
        "control33",
        "control44",
        "control47",
        "control48",
        "control106"
      ],
      "anchors": []
    }
  },
  "flows": {
    "flow21": {
      "toContexts": [
        {
          "toContextId": "context8"
        }
      ]
    },
    "flow22": {
      "fromContextId": "context8",
      "fromAction": "click",
      "fromControlId": "control45",
      "toContexts": [
        {
          "toContextId": "context8"
        }
      ]
    }
  },
  "pages": {
    "page7": {
      "contextId": "context8",
      "layout": [
        {
          "id": "uiControl27",
          "controlId": "control16",
          "display": {
            "adapterId": "custom",
            "type": "custom",
            "adapter": {
              "templateType": "react",
              "events": {
                "onDoAction": "doAction_uiControl27",
                "onGetTemplate": "getTemplate_uiControl27"
              }
            }
          }
        },
        {
          "id": "uiControl33",
          "controlId": "control22",
          "display": {
            "adapterId": "content",
            "type": "content",
            "class": "pageTitle",
            "adapter": {
              "templateType": ""
            }
          }
        },
        {
          "id": "uiControl77",
          "display": {
            "type": "card",
            "adapterId": "card",
            "class": "content",
            "adapter": {
              "templateType": ""
            }
          },
          "layout": [
            {
              "id": "uiControl77body",
              "display": {
                "type": "cardBody",
                "adapterId": "cardBody",
                "adapter": {
                  "templateType": ""
                }
              },
              "layout": [
                {
                  "id": "uiControl78",
                  "controlId": "control45",
                  "display": {
                    "adapterId": "custom",
                    "type": "custom",
                    "adapter": {
                      "templateType": "react",
                      "events": {
                        "onDoAction": "doAction_uiControl78",
                        "onGetTemplate": "getTemplate_uiControl78"
                      }
                    }
                  }
                }
              ]
            }
          ]
        },
        {
          "id": "uiControl26",
          "display": {
            "type": "card",
            "adapterId": "card",
            "class": "content",
            "adapter": {
              "templateType": ""
            }
          },
          "layout": [
            {
              "id": "uiControl26body",
              "display": {
                "type": "cardBody",
                "adapterId": "cardBody",
                "adapter": {
                  "templateType": ""
                }
              },
              "layout": [
                {
                  "id": "uiControl36",
                  "controlId": "control33",
                  "display": {
                    "adapterId": "custom",
                    "type": "custom",
                    "adapter": {
                      "templateType": "react",
                      "events": {
                        "onDoAction": "doAction_uiControl36",
                        "onGetTemplate": "getTemplate_uiControl36"
                      }
                    }
                  }
                }
              ]
            }
          ]
        },
        {
          "id": "uiControl62",
          "display": {
            "type": "card",
            "adapterId": "card",
            "class": "content",
            "adapter": {
              "templateType": ""
            }
          },
          "layout": [
            {
              "id": "uiControl62body",
              "display": {
                "type": "cardBody",
                "adapterId": "cardBody",
                "adapter": {
                  "templateType": ""
                }
              },
              "layout": [
                {
                  "id": "uiControl83",
                  "controlId": "control48",
                  "display": {
                    "adapterId": "custom",
                    "type": "custom",
                    "adapter": {
                      "templateType": "react",
                      "events": {
                        "onDoAction": "doAction_uiControl83",
                        "onGetTemplate": "getTemplate_uiControl83"
                      }
                    }
                  }
                }
              ]
            }
          ]
        },
        {
          "id": "uiControl79",
          "display": {
            "type": "card",
            "adapterId": "card",
            "class": "content",
            "adapter": {
              "templateType": ""
            }
          },
          "layout": [
            {
              "id": "uiControl79body",
              "display": {
                "type": "cardBody",
                "adapterId": "cardBody",
                "adapter": {
                  "templateType": ""
                }
              },
              "layout": [
                {
                  "id": "uiControl80",
                  "controlId": "control44",
                  "display": {
                    "adapterId": "custom",
                    "type": "custom",
                    "adapter": {
                      "templateType": "react",
                      "events": {
                        "onDoAction": "doAction_uiControl80",
                        "onGetTemplate": "getTemplate_uiControl80"
                      }
                    }
                  }
                }
              ]
            }
          ]
        },
        {
          "id": "uiControl182",
          "display": {
            "type": "card",
            "adapterId": "card",
            "class": "content",
            "adapter": {
              "templateType": ""
            }
          },
          "layout": [
            {
              "id": "uiControl182body",
              "display": {
                "type": "cardBody",
                "adapterId": "cardBody",
                "adapter": {
                  "templateType": ""
                }
              },
              "layout": [
                {
                  "id": "uiControl183",
                  "controlId": "control106",
                  "display": {
                    "adapterId": "custom",
                    "type": "custom",
                    "adapter": {
                      "templateType": "react",
                      "events": {
                        "onDoAction": "doAction_uiControl183",
                        "onGetTemplate": "getTemplate_uiControl183"
                      }
                    }
                  }
                }
              ]
            }
          ]
        },
        {
          "id": "uiControl81",
          "display": {
            "type": "card",
            "adapterId": "card",
            "class": "content",
            "adapter": {
              "templateType": ""
            }
          },
          "layout": [
            {
              "id": "uiControl81body",
              "display": {
                "type": "cardBody",
                "adapterId": "cardBody",
                "adapter": {
                  "templateType": ""
                }
              },
              "layout": [
                {
                  "id": "uiControl82",
                  "controlId": "control47",
                  "display": {
                    "adapterId": "custom",
                    "type": "custom",
                    "adapter": {
                      "templateType": "react",
                      "events": {
                        "onDoAction": "doAction_uiControl82",
                        "onGetTemplate": "getTemplate_uiControl82"
                      }
                    }
                  }
                }
              ]
            }
          ]
        }
      ]
    }
  },
  "matchers": {
    "page/title": {
      "contexts": {
        "context8": [
          "审批信息"
        ]
      }
    },
    "page/urls": {
      "contexts": {
        "context8": [
          "10.1.36.1:8083/approve!index.do?projectId=282674&approveId=469640&spActivityInsId=469617&spFlowCode=3864&userCode=469640&spWorkItemId=470198&is_yb=1",
          "10.1.36.1:8083/approve!index.do?projectId=322636&approveId=493888&spActivityInsId=493869&spFlowCode=9293&userCode=493888&spWorkItemId=494415&is_yb=1"
        ]
      }
    },
    "page/ids": {
      "contexts": {
        "context8": [
          [
            "_a",
            "_spActivityInsId",
            "backActivityCode",
            "nodeFrame",
            "submitDiv"
          ]
        ]
      }
    },
    "page/classes": {
      "contexts": {
        "context8": [
          [
            "Noprn",
            "sp_wrapper",
            "wdtable_title",
            "wdtable_title_sp",
            "wdtable_titleh",
            "wdtable_titletool"
          ]
        ]
      }
    },
    "page/tagTriplets": {
      "contexts": {
        "context8": [
          [
            "-/-/DIV",
            "-/-/SCRIPT",
            "-/-/SPAN",
            "-/DIV/IFRAME",
            "-/DIV/INPUT-hidden",
            "-/DIV/TABLE",
            "DIV/TABLE/TBODY",
            "TABLE/TBODY/TR",
            "TBODY/TR/TD",
            "TD/DIV/A",
            "TD/DIV/INPUT-hidden",
            "TR/TD/DIV"
          ]
        ]
      }
    }
  }
}