{
  "version": "0.1",
  "id": "index2",
  "targetURL": "http://10.1.36.1:8083/frame!index.do",
  "jsFile": "index.js",
  "requires": {
    "zhaobiaojihua": "../zhaobiaojihua/index.json"
  },
  "chineseName": "index2",
  "description": "123",
  "controls": {
    "control0": {
      "location": {
        "data": {
          "tagName": "A"
        },
        "locators": [
          {
            "id": "button/text",
            "prob": 3,
            "value": {
              "text": [
                "[审批] 非中心数据演示-询价比价-mdq01瓷砖类..."
              ],
              "visText": [
                "[审批] 非中心数据演示-询价比价-mdq01瓷砖类..."
              ]
            }
          },
          {
            "id": "text",
            "prob": 3,
            "value": {
              "text": [
                "[审批] 非中心数据演示-询价比价-mdq01瓷砖类..."
              ],
              "visText": [
                "[审批] 非中心数据演示-询价比价-mdq01瓷砖类..."
              ]
            }
          },
          {
            "id": "@title",
            "prob": 2,
            "value": {
              "text": [
                "非中心数据演示-询价比价-mdq01瓷砖类询标比价招标计划审批"
              ]
            }
          },
          {
            "id": "@id/nonWord",
            "prob": 1,
            "disabled": true,
            "fact": "do_0",
            "value": "descendant::A[@id=\"do_0\"]"
          },
          {
            "id": "@class/word",
            "prob": 1,
            "ordinal": [
              0,
              12
            ],
            "value": "TABLE.idx_tb01_list TD.idx_tb01_list_01 A"
          },
          {
            "id": "path/ordinal",
            "prob": 1,
            "value": "/HTML[1]/BODY[1]/TABLE[1]/TBODY[1]/TR[2]/TD[1]/A[1]"
          },
          {
            "id": "style/color",
            "value": [
              25,
              25,
              112
            ]
          },
          {
            "id": "elderLevel",
            "value": {
              "level": 0
            }
          },
          {
            "id": "shield",
            "value": {
              "zIndex": "auto",
              "width": 145.546875,
              "height": 47
            }
          }
        ]
      },
      "intendedRole": "link",
      "roles": "element,link",
      "monitored": false,
      "frameXPath": "//iframe[@id='main']<<IFRAME>>//iframe[contains(@id,'d')]<<IFRAME>>"
    }
  },
  "contexts": {
    "context7": {
      "controls": [
        "control0"
      ],
      "anchors": []
    }
  },
  "flows": {
    "flow0": {
      "toContexts": [
        {
          "toContextId": "context7"
        }
      ]
    },
    "flow1": {
      "fromContextId": "context7",
      "fromAction": "click",
      "fromControlId": "control0",
      "toContexts": [
        {
          "toContextId": "context7"
        },
        {
          "toContextId": "context5",
          "toModelId": "zhaobiaojihua"
        }
      ]
    }
  },
  "pages": {
    "page0": {
      "contextId": "context7",
      "layout": [
        {
          "id": "uiControl0",
          "controlId": "control0",
          "display": {
            "adapterId": "clickable",
            "type": "link",
            "adapter": {
              "templateType": ""
            }
          }
        }
      ]
    }
  },
  "matchers": {
    "page/title": {
      "contexts": {
        "context7": [
          "中弘股份招标采购管理系统"
        ]
      }
    },
    "page/urls": {
      "contexts": {
        "context7": [
          "10.1.36.1:8083/frame!index.do"
        ],
        "context6": [
          "10.1.36.1:8083/approve!index.do?projectId=1248832&approveId=1249582&spActivityInsId=1249521&spFlowCode=1515&userCode=1249582&spWorkItemId=1249580&is_yb=1",
          "10.1.36.1:8083/approve!index.do?projectId=986826&approveId=1084453&spActivityInsId=1084438&spFlowCode=5128&userCode=1084453&spWorkItemId=1088619&is_yb=1"
        ]
      }
    },
    "page/ids": {
      "contexts": {
        "context7": [
          [
            "a",
            "b",
            "dropmenu_c",
            "header",
            "logo",
            "main",
            "nav",
            "path",
            "position",
            "slidemenu",
            "userbox",
            "wrapper"
          ]
        ]
      }
    },
    "page/classes": {
      "contexts": {
        "context7": [
          [
            "box_",
            "current",
            "dropmenudiv_c",
            "level",
            "path",
            "slidetabsmenu",
            "tody_box",
            "tools_box",
            "user_name"
          ],
          [
            "box_",
            "current",
            "default",
            "dropmenudiv_c",
            "level",
            "path",
            "slidetabsmenu",
            "tody_box",
            "tools_box",
            "user_name"
          ]
        ]
      }
    },
    "page/tagTriplets": {
      "contexts": {
        "context7": [
          [
            "-/-/DIV",
            "-/-/SCRIPT",
            "-/-/SPAN",
            "-/-/TABLE",
            "-/DIV/DIV",
            "-/DIV/SCRIPT",
            "-/TABLE/TBODY",
            "DIV/A/IMG",
            "DIV/A/SPAN",
            "DIV/DIV/A",
            "DIV/DIV/DIV",
            "DIV/DIV/SCRIPT",
            "DIV/DIV/SPAN",
            "DIV/DIV/UL",
            "DIV/SPAN/A",
            "DIV/UL/LI",
            "LI/A/SPAN",
            "TABLE/TBODY/TR",
            "TBODY/TR/TD",
            "TD/DIV/SPAN",
            "TR/TD/DIV",
            "TR/TD/IFRAME",
            "TR/TD/IMG",
            "TR/TD/SCRIPT",
            "UL/LI/A"
          ]
        ]
      }
    }
  }
}