{
  "version": "0.1",
  "id": "jishufeibiao",
  "targetURL": "http://10.1.36.1:8083/approve!index.do?projectId=1434619&approveId=1435553&spActivityInsId=1435510&spFlowCode=2198&userCode=1435553&targetId=",
  "jsFile": "index.js",
  "chineseName": "技术标废标审批",
  "description": "",
  "controls": {
    "control55": {
      "location": {
        "data": {
          "tagName": "TD"
        },
        "locators": [
          {
            "id": "button/text",
            "prob": 3,
            "value": {
              "text": [
                "审批信息查看 传阅 打印 关闭"
              ],
              "visText": [
                "审批信息查看 传阅 打印 关闭"
              ]
            }
          },
          {
            "id": "text",
            "prob": 3,
            "value": {
              "text": [
                "审批信息查看 传阅 打印 关闭"
              ],
              "visText": [
                "审批信息查看 传阅打印关闭"
              ]
            }
          },
          {
            "id": "@id/nonWord",
            "prob": 1,
            "disabled": true,
            "fact": "_a",
            "value": "descendant::TABLE[@id=\"_a\"]/TBODY[1]/TR[1]/TD[1]"
          },
          {
            "id": "@class/word",
            "prob": 1,
            "value": "BODY.ext-webkit.ext-chrome DIV.wdtable_title_sp.Noprn TABLE.wdtable_title TBODY TR TD"
          },
          {
            "id": "path/ordinal",
            "prob": 1,
            "value": "/HTML[1]/BODY[1]/DIV[1]/TABLE[1]/TBODY[1]/TR[1]/TD[1]"
          },
          {
            "id": "shield",
            "value": {
              "zIndex": "auto",
              "width": 1100,
              "height": 32
            }
          }
        ]
      },
      "events": {
        "onGetData": "getData_control55"
      },
      "intendedRole": "custom",
      "roles": "element,custom",
      "monitored": false
    },
    "control56": {
      "location": {
        "data": {
          "tagName": "DIV"
        },
        "locators": [
          {
            "id": "button/text",
            "prob": 3,
            "value": {
              "text": [
                "东区国际12321园林工程类项目招标-技术标废标审批"
              ],
              "visText": [
                "东区国际12321园林工程类项目招标-技术标废标审批"
              ]
            }
          },
          {
            "id": "text",
            "prob": 3,
            "value": {
              "text": [
                "东区国际12321园林工程类项目招标-技术标废标审批"
              ],
              "visText": [
                "东区国际12321园林工程类项目招标-技术标废标审批"
              ]
            }
          },
          {
            "id": "@class/word",
            "prob": 1,
            "ordinal": [
              0,
              2
            ],
            "value": "BODY.ext-webkit.ext-chrome TABLE.table02 DIV.divh1"
          },
          {
            "id": "path/ordinal",
            "prob": 1,
            "value": "/HTML[1]/BODY[1]/TABLE[1]/TBODY[1]/TR[1]/TD[1]/DIV[1]"
          },
          {
            "id": "elderLevel",
            "value": {
              "level": 0
            }
          },
          {
            "id": "shield",
            "value": {
              "zIndex": "auto",
              "width": 1076,
              "height": 39
            }
          }
        ]
      },
      "roles": "element",
      "content": true,
      "monitored": false,
      "frameXPath": "//iframe[@id='nodeFrame']<<IFRAME>>"
    },
    "control57": {
      "location": {
        "data": {
          "tagName": "TBODY"
        },
        "locators": [
          {
            "id": "button/text",
            "prob": 3,
            "value": {
              "text": [
                "废标供商: 标段一 北京市园林设计工程有限公司 废标原因: asdsa"
              ],
              "visText": [
                "废标供商: 标段一 北京市园林设计工程有限公司 废标原因: asdsa"
              ]
            }
          },
          {
            "id": "text",
            "prob": 3,
            "value": {
              "text": [
                "废标供商: 标段一 北京市园林设计工程有限公司 废标原因: asdsa"
              ],
              "visText": [
                "废标供商: 标段一 北京市园林设计工程有限公司 废标原因: asdsa"
              ]
            }
          },
          {
            "id": "@class/word",
            "prob": 1,
            "ordinal": [
              0,
              4
            ],
            "value": "BODY.ext-webkit.ext-chrome TABLE.table02 TABLE.wd_tablelist03 TBODY"
          },
          {
            "id": "path/ordinal",
            "prob": 1,
            "value": "/HTML[1]/BODY[1]/TABLE[1]/TBODY[1]/TR[1]/TD[1]/TABLE[2]/TBODY[1]"
          },
          {
            "id": "shield",
            "value": {
              "zIndex": "auto",
              "width": 1076,
              "height": 53
            }
          }
        ]
      },
      "events": {
        "onGetData": "getData_control57"
      },
      "intendedRole": "custom",
      "roles": "element,custom",
      "monitored": false,
      "frameXPath": "//iframe[@id='nodeFrame']<<IFRAME>>"
    },
    "control58": {
      "location": {
        "data": {
          "tagName": "TBODY"
        },
        "locators": [
          {
            "id": "@class/word",
            "prob": 1,
            "ordinal": [
              0,
              2
            ],
            "value": "BODY.ext-webkit.ext-chrome TABLE.table02 TABLE.table_fj TBODY"
          },
          {
            "id": "path/ordinal",
            "prob": 1,
            "value": "/HTML[1]/BODY[1]/TABLE[1]/TBODY[1]/TR[1]/TD[1]/TABLE[4]/TBODY[1]"
          },
          {
            "id": "shield",
            "value": {
              "zIndex": "auto",
              "width": 1076,
              "height": 27
            }
          }
        ]
      },
      "events": {
        "onGetData": "getData_control58"
      },
      "intendedRole": "custom",
      "roles": "element,custom",
      "monitored": false,
      "frameXPath": "//iframe[@id='nodeFrame']<<IFRAME>>"
    },
    "control59": {
      "location": {
        "data": {
          "tagName": "OL"
        },
        "locators": [
          {
            "id": "button/text",
            "prob": 3,
            "value": {
              "text": [
                "标段一正常投标供应商1家，本次即将废标1家，有效供应商小于3家。"
              ],
              "visText": [
                "标段一正常投标供应商1家，本次即将废标1家，有效供应商小于3家。"
              ]
            }
          },
          {
            "id": "text",
            "prob": 3,
            "value": {
              "text": [
                "标段一正常投标供应商1家，本次即将废标1家，有效供应商小于3家。"
              ],
              "visText": [
                "标段一正常投标供应商1家，本次即将废标1家，有效供应商小于3家。"
              ]
            }
          },
          {
            "id": "@class/word",
            "prob": 1,
            "ordinal": [
              0,
              2
            ],
            "value": "TABLE.table02 TABLE.wd_tablelist03 OL.gkol"
          },
          {
            "id": "path/ordinal",
            "prob": 1,
            "value": "/HTML[1]/BODY[1]/TABLE[1]/TBODY[1]/TR[1]/TD[1]/TABLE[6]/TBODY[1]/TR[1]/TD[1]/OL[1]"
          },
          {
            "id": "shield",
            "value": {
              "zIndex": "auto",
              "width": 1002,
              "height": 30
            }
          }
        ]
      },
      "events": {
        "onGetData": "getData_control59"
      },
      "intendedRole": "custom",
      "roles": "element,custom",
      "monitored": false,
      "frameXPath": "//iframe[@id='nodeFrame']<<IFRAME>>"
    },
    "control60": {
      "location": {
        "data": {
          "tagName": "TD"
        },
        "locators": [
          {
            "id": "text",
            "prob": 3,
            "value": {
              "text": [
                "经办人 刘宝山 招标小组成员会签 胡晓亮,聂瑞海 招标小组组长 梁常明 区域公司副总经理（成本） 曲寒 区域公司总经理 徐文亮 成本管理中心副总经理（招采） 巨峰 副总裁（成本、招采） 董智勇"
              ],
              "visText": [
                "经办人 刘宝山 招标小组成员会签 胡晓亮,聂瑞海 招标小组组长 梁常明 区域公司副总经理（成本） 曲寒 区域公司总经理 徐文亮 成本管理中心副总经理（招采） 巨峰 副总裁（成本、招采） 董智勇"
              ]
            }
          },
          {
            "id": "@id/word",
            "prob": 2,
            "value": [
              "descendant::FORM[@id=\"sp_frm\"]/TABLE[1]/TBODY[1]/TR[1]/TD[1]",
              "descendant::FORM[@id=\"sp_frm\"]//TD"
            ]
          },
          {
            "id": "@class/word",
            "prob": 1,
            "ordinal": [
              0,
              9
            ],
            "value": "BODY.ext-webkit.ext-chrome TABLE.wd_tablelist04 TBODY TR TD"
          },
          {
            "id": "path/ordinal",
            "prob": 1,
            "value": "/HTML[1]/BODY[1]/FORM[1]/TABLE[1]/TBODY[1]/TR[1]/TD[1]"
          },
          {
            "id": "shield",
            "value": {
              "zIndex": "auto",
              "width": 921,
              "height": 36
            }
          }
        ]
      },
      "events": {
        "onGetData": "getData_control60"
      },
      "intendedRole": "custom",
      "roles": "element,custom",
      "monitored": false,
      "frameXPath": "//iframe[@id='nodeFrame']<<IFRAME>>//iframe[@id='spList']<<IFRAME>>"
    },
    "control61": {
      "location": {
        "data": {
          "tagName": "TBODY"
        },
        "locators": [
          {
            "id": "@class/word",
            "prob": 1,
            "ordinal": [
              0,
              3
            ],
            "value": "BODY.ext-webkit.ext-chrome TABLE.table_fj TBODY"
          },
          {
            "id": "path/ordinal",
            "prob": 1,
            "value": "/HTML[1]/BODY[1]/TABLE[2]/TBODY[1]"
          },
          {
            "id": "shield",
            "value": {
              "zIndex": "auto",
              "width": 1076,
              "height": 168
            }
          }
        ]
      },
      "events": {
        "onGetData": "getData_control61"
      },
      "intendedRole": "custom",
      "roles": "element,link,custom",
      "monitored": false,
      "frameXPath": "//iframe[@id='nodeFrame']<<IFRAME>>//iframe[@id='spList']<<IFRAME>>"
    },
    "control105": {
      "location": {
        "data": {
          "tagName": "TABLE"
        },
        "locators": [
          {
            "id": "text",
            "prob": 3,
            "value": {
              "text": [
                "审批流程： 经办人 刘宝山 招标小组成员会签 胡晓亮,聂瑞海 招标小组组长 梁常明 区域公司副总经理（成本） 曲寒 区域公司总经理 徐文亮 成本管理中心副总经理（招采） 巨峰 副总裁（成本、招采） 董智勇 意见*: 审批常用语: 请选择 同意 不同意 请领导审批 请提出建议"
              ],
              "visText": [
                "审批流程： 经办人 刘宝山 招标小组成员会签 胡晓亮,聂瑞海 招标小组组长 梁常明 区域公司副总经理（成本） 曲寒 区域公司总经理 徐文亮 成本管理中心副总经理（招采） 巨峰 副总裁（成本、招采） 董智勇 意见*: 审批常用语:"
              ]
            }
          },
          {
            "id": "@id/word",
            "prob": 2,
            "value": [
              "descendant::FORM[@id=\"sp_frm\"]/TABLE[1]",
              "descendant::FORM[@id=\"sp_frm\"]//TABLE"
            ]
          },
          {
            "id": "@class/word",
            "prob": 1,
            "ordinal": [
              0,
              3
            ],
            "value": "BODY.ext-webkit.ext-chrome.ext-mac TABLE.wd_tablelist04"
          },
          {
            "id": "path/ordinal",
            "prob": 1,
            "value": "/HTML[1]/BODY[1]/FORM[1]/TABLE[1]"
          },
          {
            "id": "shield",
            "value": {
              "zIndex": "auto",
              "width": 1076,
              "height": 180
            }
          }
        ]
      },
      "events": {
        "onGetData": "getData_control105"
      },
      "intendedRole": "custom",
      "roles": "element,link,custom",
      "monitored": true,
      "frameXPath": "//iframe[@id='nodeFrame']<<IFRAME>>//iframe[@id='spList']<<IFRAME>>"
    }
  },
  "contexts": {
    "context10": {
      "controls": [
        "control55",
        "control56",
        "control57",
        "control58",
        "control59",
        "control60",
        "control61",
        "control105"
      ],
      "anchors": []
    }
  },
  "flows": {
    "flow24": {
      "toContexts": [
        {
          "toContextId": "context10"
        }
      ]
    }
  },
  "pages": {
    "page9": {
      "contextId": "context10",
      "layout": [
        {
          "id": "uiControl93",
          "controlId": "control55",
          "display": {
            "adapterId": "custom",
            "type": "custom",
            "adapter": {
              "templateType": "react",
              "events": {
                "onDoAction": "doAction_uiControl93",
                "onGetTemplate": "getTemplate_uiControl93"
              }
            }
          }
        },
        {
          "id": "uiControl95",
          "controlId": "control56",
          "display": {
            "adapterId": "content",
            "type": "content",
            "class": "pageTitle",
            "adapter": {
              "templateType": ""
            }
          }
        },
        {
          "id": "uiControl94",
          "display": {
            "type": "card",
            "adapterId": "card",
            "class": "content",
            "adapter": {
              "templateType": ""
            }
          },
          "layout": [
            {
              "id": "uiControl94body",
              "display": {
                "type": "cardBody",
                "adapterId": "cardBody",
                "adapter": {
                  "templateType": ""
                }
              },
              "layout": [
                {
                  "id": "uiControl96",
                  "controlId": "control57",
                  "display": {
                    "adapterId": "custom",
                    "type": "custom",
                    "adapter": {
                      "templateType": "react",
                      "events": {
                        "onDoAction": "doAction_uiControl96",
                        "onGetTemplate": "getTemplate_uiControl96"
                      }
                    }
                  }
                }
              ]
            }
          ]
        },
        {
          "id": "uiControl97",
          "display": {
            "type": "card",
            "adapterId": "card",
            "class": "content",
            "adapter": {
              "templateType": ""
            }
          },
          "layout": [
            {
              "id": "uiControl97body",
              "display": {
                "type": "cardBody",
                "adapterId": "cardBody",
                "adapter": {
                  "templateType": ""
                }
              },
              "layout": [
                {
                  "id": "uiControl98",
                  "controlId": "control58",
                  "display": {
                    "adapterId": "custom",
                    "type": "custom",
                    "adapter": {
                      "templateType": "react",
                      "events": {
                        "onDoAction": "doAction_uiControl98",
                        "onGetTemplate": "getTemplate_uiControl98"
                      }
                    }
                  }
                }
              ]
            }
          ]
        },
        {
          "id": "uiControl99",
          "display": {
            "type": "card",
            "adapterId": "card",
            "class": "content",
            "adapter": {
              "templateType": ""
            }
          },
          "layout": [
            {
              "id": "uiControl99body",
              "display": {
                "type": "cardBody",
                "adapterId": "cardBody",
                "adapter": {
                  "templateType": ""
                }
              },
              "layout": [
                {
                  "id": "uiControl100",
                  "controlId": "control59",
                  "display": {
                    "adapterId": "custom",
                    "type": "custom",
                    "adapter": {
                      "templateType": "react",
                      "events": {
                        "onDoAction": "doAction_uiControl100",
                        "onGetTemplate": "getTemplate_uiControl100"
                      }
                    }
                  }
                }
              ]
            }
          ]
        },
        {
          "id": "uiControl102",
          "display": {
            "type": "card",
            "adapterId": "card",
            "class": "content",
            "adapter": {
              "templateType": ""
            }
          },
          "layout": [
            {
              "id": "uiControl102body",
              "display": {
                "type": "cardBody",
                "adapterId": "cardBody",
                "adapter": {
                  "templateType": ""
                }
              },
              "layout": [
                {
                  "id": "uiControl103",
                  "controlId": "control60",
                  "display": {
                    "adapterId": "custom",
                    "type": "custom",
                    "adapter": {
                      "templateType": "react",
                      "events": {
                        "onDoAction": "doAction_uiControl103",
                        "onGetTemplate": "getTemplate_uiControl103"
                      }
                    }
                  }
                }
              ]
            }
          ]
        },
        {
          "id": "uiControl180",
          "display": {
            "type": "card",
            "adapterId": "card",
            "class": "content",
            "adapter": {
              "templateType": ""
            }
          },
          "layout": [
            {
              "id": "uiControl180body",
              "display": {
                "type": "cardBody",
                "adapterId": "cardBody",
                "adapter": {
                  "templateType": ""
                }
              },
              "layout": [
                {
                  "id": "uiControl181",
                  "controlId": "control105",
                  "display": {
                    "adapterId": "custom",
                    "type": "custom",
                    "adapter": {
                      "templateType": "react",
                      "events": {
                        "onDoAction": "doAction_uiControl181",
                        "onGetTemplate": "getTemplate_uiControl181"
                      }
                    }
                  }
                }
              ]
            }
          ]
        },
        {
          "id": "uiControl104",
          "display": {
            "type": "card",
            "adapterId": "card",
            "class": "content",
            "adapter": {
              "templateType": ""
            }
          },
          "layout": [
            {
              "id": "uiControl104body",
              "display": {
                "type": "cardBody",
                "adapterId": "cardBody",
                "adapter": {
                  "templateType": ""
                }
              },
              "layout": [
                {
                  "id": "uiControl105",
                  "controlId": "control61",
                  "display": {
                    "adapterId": "custom",
                    "type": "custom",
                    "adapter": {
                      "templateType": "react",
                      "events": {
                        "onDoAction": "doAction_uiControl105",
                        "onGetTemplate": "getTemplate_uiControl105"
                      }
                    }
                  }
                }
              ]
            }
          ]
        }
      ]
    }
  },
  "matchers": {
    "page/title": {
      "contexts": {
        "context10": [
          "审批信息"
        ]
      }
    },
    "page/urls": {
      "contexts": {
        "context10": [
          "10.1.36.1:8083/approve!index.do?projectId=1434619&approveId=1435553&spActivityInsId=1435510&spFlowCode=2198&userCode=1435553&targetId=",
          "10.1.36.1:8083/approve!index.do?projectId=282674&approveId=489725&spActivityInsId=489659&spFlowCode=8835&userCode=489725&spWorkItemId=491180&is_yb=1",
          "10.1.36.1:8083/approve!index.do?projectId=322636&approveId=493888&spActivityInsId=493869&spFlowCode=9293&userCode=493888&spWorkItemId=494415&is_yb=1"
        ]
      }
    },
    "page/ids": {
      "contexts": {
        "context10": [
          [
            "_a",
            "_spActivityInsId",
            "backActivityCode",
            "nodeFrame",
            "submitDiv"
          ]
        ]
      }
    },
    "page/classes": {
      "contexts": {
        "context10": [
          [
            "Noprn",
            "sp_wrapper",
            "wdtable_title",
            "wdtable_title_sp",
            "wdtable_titleh",
            "wdtable_titletool"
          ]
        ]
      }
    },
    "page/tagTriplets": {
      "contexts": {
        "context10": [
          [
            "-/-/DIV",
            "-/-/SCRIPT",
            "-/-/SPAN",
            "-/DIV/IFRAME",
            "-/DIV/INPUT-hidden",
            "-/DIV/TABLE",
            "DIV/TABLE/TBODY",
            "TABLE/TBODY/TR",
            "TBODY/TR/TD",
            "TD/DIV/A",
            "TD/DIV/INPUT-hidden",
            "TR/TD/DIV"
          ]
        ]
      }
    }
  }
}