{
  "version": "0.1",
  "id": "liubiaoshenpi",
  "targetURL": "http://10.1.36.1:8083/approve!index.do?projectId=1248832&approveId=1249582&spActivityInsId=1249521&spFlowCode=1515&userCode=1249582&spWorkItemId=1249580&is_yb=1",
  "jsFile": "index.js",
  "chineseName": "流标审批",
  "description": "",
  "controls": {
    "control14": {
      "location": {
        "data": {
          "tagName": "TD"
        },
        "locators": [
          {
            "id": "button/text",
            "prob": 3,
            "value": {
              "text": [
                "审批信息查看 传阅 打印 关闭"
              ],
              "visText": [
                "审批信息查看 传阅 打印 关闭"
              ]
            }
          },
          {
            "id": "text",
            "prob": 3,
            "value": {
              "text": [
                "审批信息查看 传阅 打印 关闭"
              ],
              "visText": [
                "审批信息查看 传阅打印关闭"
              ]
            }
          },
          {
            "id": "@id/nonWord",
            "prob": 1,
            "disabled": true,
            "fact": "_a",
            "value": "descendant::TABLE[@id=\"_a\"]/TBODY[1]/TR[1]/TD[1]"
          },
          {
            "id": "@class/word",
            "prob": 1,
            "value": "BODY.ext-webkit.ext-chrome DIV.wdtable_title_sp.Noprn TABLE.wdtable_title TBODY TR TD"
          },
          {
            "id": "path/ordinal",
            "prob": 1,
            "value": "/HTML[1]/BODY[1]/DIV[1]/TABLE[1]/TBODY[1]/TR[1]/TD[1]"
          },
          {
            "id": "shield",
            "value": {
              "zIndex": "auto",
              "width": 1100,
              "height": 32
            }
          }
        ]
      },
      "events": {
        "onGetData": "getData_control14"
      },
      "intendedRole": "custom",
      "roles": "element,custom",
      "monitored": false
    },
    "control15": {
      "location": {
        "data": {
          "tagName": "TABLE"
        },
        "locators": [
          {
            "id": "button/text",
            "prob": 3,
            "value": {
              "text": [
                "* 流标说明： 2"
              ],
              "visText": [
                "* 流标说明： 2"
              ]
            }
          },
          {
            "id": "text",
            "prob": 3,
            "value": {
              "text": [
                "* 流标说明： 2"
              ],
              "visText": [
                "* 流标说明： 2"
              ]
            }
          },
          {
            "id": "@class/word",
            "prob": 1,
            "ordinal": [
              0,
              2
            ],
            "value": "BODY.ext-webkit.ext-chrome TABLE.table02 TABLE.wd_tablelist03"
          },
          {
            "id": "path/ordinal",
            "prob": 1,
            "value": "/HTML[1]/BODY[1]/TABLE[1]/TBODY[1]/TR[1]/TD[1]/TABLE[2]"
          },
          {
            "id": "shield",
            "value": {
              "zIndex": "auto",
              "width": 1076,
              "height": 27
            }
          }
        ]
      },
      "events": {
        "onGetData": "getData_control15"
      },
      "intendedRole": "custom",
      "roles": "element,custom",
      "monitored": false,
      "frameXPath": "//iframe[@id='nodeFrame']<<IFRAME>>"
    },
    "control18": {
      "location": {
        "data": {
          "tagName": "TD"
        },
        "locators": [
          {
            "id": "text",
            "prob": 3,
            "value": {
              "text": [
                "经办人 刘宝山 招标小组成员会签 聂瑞海 区域公司副总经理（成本） 胡晓亮 区域公司总经理 徐文亮 成本管理中心副总经理（招采） 巨峰"
              ],
              "visText": [
                "经办人 刘宝山 招标小组成员会签 聂瑞海 区域公司副总经理（成本） 胡晓亮 区域公司总经理 徐文亮 成本管理中心副总经理（招采） 巨峰"
              ]
            }
          },
          {
            "id": "@id/word",
            "prob": 2,
            "value": [
              "descendant::FORM[@id=\"sp_frm\"]/TABLE[1]/TBODY[1]/TR[1]/TD[1]",
              "descendant::FORM[@id=\"sp_frm\"]//TD"
            ]
          },
          {
            "id": "@class/word",
            "prob": 1,
            "ordinal": [
              0,
              12
            ],
            "value": "BODY.ext-webkit.ext-chrome TABLE.wd_tablelist04 TBODY TR TD"
          },
          {
            "id": "path/ordinal",
            "prob": 1,
            "value": "/HTML[1]/BODY[1]/FORM[1]/TABLE[1]/TBODY[1]/TR[1]/TD[1]"
          },
          {
            "id": "shield",
            "value": {
              "zIndex": "auto",
              "width": 921,
              "height": 36
            }
          }
        ]
      },
      "events": {
        "onGetData": "getData_control18"
      },
      "intendedRole": "custom",
      "roles": "element,custom",
      "monitored": false,
      "frameXPath": "//iframe[@id='nodeFrame']<<IFRAME>>//iframe[@id='spList']<<IFRAME>>"
    },
    "control32": {
      "location": {
        "data": {
          "tagName": "TBODY"
        },
        "locators": [
          {
            "id": "@class/word",
            "prob": 1,
            "ordinal": [
              0,
              3
            ],
            "value": "BODY.ext-webkit.ext-chrome TABLE.table_fj TBODY"
          },
          {
            "id": "path/ordinal",
            "prob": 1,
            "value": "/HTML[1]/BODY[1]/TABLE[2]/TBODY[1]"
          },
          {
            "id": "shield",
            "value": {
              "zIndex": "auto",
              "width": 1076,
              "height": 183
            }
          }
        ]
      },
      "events": {
        "onGetData": "getData_control32"
      },
      "intendedRole": "custom",
      "roles": "element,link,custom",
      "monitored": false,
      "frameXPath": "//iframe[@id='nodeFrame']<<IFRAME>>//iframe[@id='spList']<<IFRAME>>"
    },
    "control45": {
      "location": {
        "data": {
          "tagName": "TBODY"
        },
        "locators": [
          {
            "id": "text",
            "prob": 3,
            "value": {
              "text": [
                "审批流程： 经办人 刘宝山 招标小组成员会签 聂瑞海 区域公司副总经理（成本） 胡晓亮 区域公司总经理 徐文亮 成本管理中心副总经理（招采） 巨峰 * 审批意见： 审批常用语： 请选择 同意 不同意 请领导审批 请提出建议 请领导审批 征询到：N/A"
              ],
              "visText": [
                "审批流程： 经办人 刘宝山 招标小组成员会签 聂瑞海 区域公司副总经理（成本） 胡晓亮 区域公司总经理 徐文亮 成本管理中心副总经理（招采） 巨峰 * 审批意见： 审批常用语："
              ]
            }
          },
          {
            "id": "@id/word",
            "prob": 2,
            "value": [
              "descendant::FORM[@id=\"sp_frm\"]/TABLE[1]/TBODY[1]",
              "descendant::FORM[@id=\"sp_frm\"]//TBODY"
            ]
          },
          {
            "id": "@class/word",
            "prob": 1,
            "ordinal": [
              0,
              3
            ],
            "value": "BODY.ext-webkit.ext-chrome.ext-mac TABLE.wd_tablelist04 TBODY"
          },
          {
            "id": "path/ordinal",
            "prob": 1,
            "value": "/HTML[1]/BODY[1]/FORM[1]/TABLE[1]/TBODY[1]"
          },
          {
            "id": "shield",
            "value": {
              "zIndex": "auto",
              "width": 1076,
              "height": 180
            }
          }
        ]
      },
      "events": {
        "onGetData": "getData_control45"
      },
      "intendedRole": "custom",
      "roles": "element,link,custom",
      "monitored": true,
      "frameXPath": "//iframe[@id='nodeFrame']<<IFRAME>>//iframe[@id='spList']<<IFRAME>>"
    },
    "control46": {
      "location": {
        "data": {
          "tagName": "TABLE"
        },
        "locators": [
          {
            "id": "@class/word",
            "prob": 1,
            "ordinal": [
              0,
              2
            ],
            "value": "BODY.ext-webkit.ext-chrome.ext-mac TABLE.table02 TABLE.table_fj"
          },
          {
            "id": "path/ordinal",
            "prob": 1,
            "value": "/HTML[1]/BODY[1]/TABLE[1]/TBODY[1]/TR[1]/TD[1]/TABLE[4]"
          },
          {
            "id": "shield",
            "value": {
              "zIndex": "auto",
              "width": 1076,
              "height": 27
            }
          }
        ]
      },
      "events": {
        "onGetData": "getData_control46"
      },
      "intendedRole": "custom",
      "roles": "element,custom",
      "monitored": false,
      "frameXPath": "//iframe[@id='nodeFrame']<<IFRAME>>"
    }
  },
  "contexts": {
    "context6": {
      "controls": [
        "control14",
        "control15",
        "control18",
        "control32",
        "control45",
        "control46"
      ],
      "anchors": []
    }
  },
  "flows": {
    "flow19": {
      "toContexts": [
        {
          "toContextId": "context6"
        }
      ]
    },
    "flow20": {
      "fromContextId": "context6",
      "fromAction": "click",
      "fromControlId": "control46",
      "toContexts": [
        {
          "toContextId": "context6"
        }
      ]
    },
    "flow37": {
      "fromContextId": "context6",
      "fromAction": "doAction",
      "fromControlId": "control45",
      "toContexts": [
        {
          "toContextId": "context6"
        }
      ]
    }
  },
  "pages": {
    "page6": {
      "contextId": "context6",
      "layout": [
        {
          "id": "uiControl22",
          "controlId": "control14",
          "display": {
            "adapterId": "custom",
            "type": "custom",
            "adapter": {
              "templateType": "react",
              "events": {
                "onDoAction": "doAction_uiControl22",
                "onGetTemplate": "getTemplate_uiControl22"
              }
            }
          }
        },
        {
          "id": "uiControl24",
          "display": {
            "type": "card",
            "adapterId": "card",
            "class": "content",
            "adapter": {
              "templateType": ""
            }
          },
          "layout": [
            {
              "id": "uiControl24body",
              "display": {
                "type": "cardBody",
                "adapterId": "cardBody",
                "adapter": {
                  "templateType": ""
                }
              },
              "layout": [
                {
                  "id": "uiControl25",
                  "controlId": "control15",
                  "display": {
                    "adapterId": "custom",
                    "type": "custom",
                    "adapter": {
                      "templateType": "react",
                      "events": {
                        "onDoAction": "doAction_uiControl25",
                        "onGetTemplate": "getTemplate_uiControl25"
                      }
                    }
                  }
                }
              ]
            }
          ]
        },
        {
          "id": "uiControl40",
          "display": {
            "type": "card",
            "adapterId": "card",
            "class": "content",
            "adapter": {
              "templateType": ""
            }
          },
          "layout": [
            {
              "id": "uiControl40body",
              "display": {
                "type": "cardBody",
                "adapterId": "cardBody",
                "adapter": {
                  "templateType": ""
                }
              },
              "layout": [
                {
                  "id": "uiControl78",
                  "controlId": "control46",
                  "display": {
                    "adapterId": "custom",
                    "type": "custom",
                    "adapter": {
                      "templateType": "react",
                      "events": {
                        "onDoAction": "doAction_uiControl78",
                        "onGetTemplate": "getTemplate_uiControl78"
                      }
                    }
                  }
                }
              ]
            }
          ]
        },
        {
          "id": "uiControl28",
          "display": {
            "type": "card",
            "adapterId": "card",
            "class": "content",
            "adapter": {
              "templateType": ""
            }
          },
          "layout": [
            {
              "id": "uiControl28body",
              "display": {
                "type": "cardBody",
                "adapterId": "cardBody",
                "adapter": {
                  "templateType": ""
                }
              },
              "layout": [
                {
                  "id": "uiControl29",
                  "controlId": "control18",
                  "display": {
                    "adapterId": "custom",
                    "type": "custom",
                    "adapter": {
                      "templateType": "react",
                      "events": {
                        "onDoAction": "doAction_uiControl29",
                        "onGetTemplate": "getTemplate_uiControl29"
                      }
                    }
                  }
                }
              ]
            }
          ]
        },
        {
          "id": "uiControl30",
          "display": {
            "type": "card",
            "adapterId": "card",
            "class": "content",
            "adapter": {
              "templateType": ""
            }
          },
          "layout": [
            {
              "id": "uiControl30body",
              "display": {
                "type": "cardBody",
                "adapterId": "cardBody",
                "adapter": {
                  "templateType": ""
                }
              },
              "layout": [
                {
                  "id": "uiControl76",
                  "controlId": "control45",
                  "display": {
                    "adapterId": "custom",
                    "type": "custom",
                    "adapter": {
                      "templateType": "react",
                      "events": {
                        "onDoAction": "doAction_uiControl76",
                        "onGetTemplate": "getTemplate_uiControl76"
                      }
                    }
                  }
                }
              ]
            }
          ]
        },
        {
          "id": "uiControl34",
          "display": {
            "type": "card",
            "adapterId": "card",
            "class": "content",
            "adapter": {
              "templateType": ""
            }
          },
          "layout": [
            {
              "id": "uiControl34body",
              "display": {
                "type": "cardBody",
                "adapterId": "cardBody",
                "adapter": {
                  "templateType": ""
                }
              },
              "layout": [
                {
                  "id": "uiControl35",
                  "controlId": "control32",
                  "display": {
                    "adapterId": "custom",
                    "type": "custom",
                    "adapter": {
                      "templateType": "react",
                      "events": {
                        "onDoAction": "doAction_uiControl35",
                        "onGetTemplate": "getTemplate_uiControl35"
                      }
                    }
                  }
                }
              ]
            }
          ]
        }
      ]
    }
  },
  "matchers": {
    "page/title": {
      "contexts": {
        "context6": [
          "审批信息"
        ]
      }
    },
    "page/urls": {
      "contexts": {
        "context6": [
          "10.1.36.1:8083/approve!index.do?projectId=1248832&approveId=1249582&spActivityInsId=1249521&spFlowCode=1515&userCode=1249582&spWorkItemId=1249580&is_yb=1",
          "10.1.36.1:8083/approve!index.do?projectId=986826&approveId=1084453&spActivityInsId=1084438&spFlowCode=5128&userCode=1084453&spWorkItemId=1088619&is_yb=1",
          "10.1.36.1:8083/approve!index.do?projectId=1434619&approveId=1440393&spActivityInsId=1440388&spFlowCode=4621&userCode=1440393&targetId=",
          "10.1.36.1:8083/approve!index.do?projectId=1434619&approveId=1435553&spActivityInsId=1435510&spFlowCode=2198&userCode=1435553&targetId="
        ]
      }
    },
    "page/ids": {
      "contexts": {
        "context6": [
          [
            "_a",
            "_spActivityInsId",
            "backActivityCode",
            "nodeFrame",
            "submitDiv"
          ]
        ]
      }
    },
    "page/classes": {
      "contexts": {
        "context6": [
          [
            "Noprn",
            "sp_wrapper",
            "wdtable_title",
            "wdtable_title_sp",
            "wdtable_titleh",
            "wdtable_titletool"
          ]
        ]
      }
    },
    "page/tagTriplets": {
      "contexts": {
        "context6": [
          [
            "-/-/DIV",
            "-/-/SCRIPT",
            "-/-/SPAN",
            "-/DIV/IFRAME",
            "-/DIV/INPUT-hidden",
            "-/DIV/TABLE",
            "DIV/TABLE/TBODY",
            "TABLE/TBODY/TR",
            "TBODY/TR/TD",
            "TD/DIV/A",
            "TD/DIV/INPUT-hidden",
            "TR/TD/DIV"
          ]
        ]
      }
    }
  }
}