{
  "version": "0.1",
  "id": "dayishenpi",
  "targetURL": "http://10.1.36.1:8083/question!spView.do?approveId=757792&spWorkItemId=758130&spFlowCode=1078&projectId=660219&targetId=&is_yb=1",
  "jsFile": "index.js",
  "requires": {
    "tishi": "../tishi/index.json"
  },
  "chineseName": "dayishenpi",
  "description": "dayishenpi",
  "controls": {
    "control15": {
      "location": {
        "data": {
          "tagName": "DIV"
        },
        "locators": [
          {
            "id": "button/text",
            "prob": 3,
            "value": {
              "text": [
                "中弘大厦地基与基础工程施工类招标-答疑审批"
              ],
              "visText": [
                "中弘大厦地基与基础工程施工类招标-答疑审批"
              ]
            }
          },
          {
            "id": "text",
            "prob": 3,
            "value": {
              "text": [
                "中弘大厦地基与基础工程施工类招标-答疑审批"
              ],
              "visText": [
                "中弘大厦地基与基础工程施工类招标-答疑审批"
              ]
            }
          },
          {
            "id": "@class/word",
            "prob": 1,
            "value": "TABLE.table02 DIV.divh1"
          },
          {
            "id": "path/ordinal",
            "prob": 1,
            "ordinal": [
              0,
              2
            ],
            "value": "/HTML[1]/BODY[1]/TABLE[1]/TBODY[1]/TR[1]/TD[1]/DIV[1]"
          },
          {
            "id": "elderLevel",
            "value": {
              "level": 0
            }
          },
          {
            "id": "shield",
            "value": {
              "zIndex": "auto",
              "width": 1076,
              "height": 39
            }
          }
        ]
      },
      "roles": "element",
      "content": true,
      "monitored": false
    },
    "control16": {
      "location": {
        "data": {
          "tagName": "DIV"
        },
        "locators": [
          {
            "id": "button/text",
            "prob": 3,
            "value": {
              "text": [
                "中弘大厦地基与基础工程施工类招标-答疑审批"
              ],
              "visText": [
                "中弘大厦地基与基础工程施工类招标-答疑审批"
              ]
            }
          },
          {
            "id": "text",
            "prob": 3,
            "value": {
              "text": [
                "中弘大厦地基与基础工程施工类招标-答疑审批"
              ],
              "visText": [
                "中弘大厦地基与基础工程施工类招标-答疑审批"
              ]
            }
          },
          {
            "id": "@class/word",
            "prob": 1,
            "value": "TABLE.table02 DIV.divh1"
          },
          {
            "id": "path/ordinal",
            "prob": 1,
            "ordinal": [
              0,
              2
            ],
            "value": "/HTML[1]/BODY[1]/TABLE[1]/TBODY[1]/TR[1]/TD[1]/DIV[1]"
          },
          {
            "id": "elderLevel",
            "value": {
              "level": 0
            }
          },
          {
            "id": "shield",
            "value": {
              "zIndex": "auto",
              "width": 1076,
              "height": 39
            }
          }
        ]
      },
      "events": {
        "onGetData": "getData_control16"
      },
      "intendedRole": "custom",
      "roles": "element,custom",
      "monitored": false
    },
    "control18": {
      "location": {
        "data": {
          "tagName": "TD"
        },
        "locators": [
          {
            "id": "text",
            "prob": 3,
            "value": {
              "text": [
                "经办人 姚宝库 招标小组成员 张雪林,衣晓伟,刘宝山,肖杰,高飞,陈光耀 招标小组组长 杨兆清"
              ],
              "visText": [
                "经办人 姚宝库 招标小组成员 张雪林,衣晓伟,刘宝山,肖杰,高飞,陈光耀 招标小组组长 杨兆清"
              ]
            }
          },
          {
            "id": "@id/word",
            "prob": 2,
            "value": [
              "descendant::FORM[@id=\"sp_frm\"]/TABLE[1]/TBODY[1]/TR[1]/TD[1]",
              "descendant::FORM[@id=\"sp_frm\"]//TD"
            ]
          },
          {
            "id": "@class/word",
            "prob": 1,
            "ordinal": [
              0,
              8
            ],
            "value": "BODY.ext-webkit.ext-chrome.ext-mac TABLE.wd_tablelist04 TBODY TR TD"
          },
          {
            "id": "path/ordinal",
            "prob": 1,
            "value": "/HTML[1]/BODY[1]/FORM[1]/TABLE[1]/TBODY[1]/TR[1]/TD[1]"
          },
          {
            "id": "shield",
            "value": {
              "zIndex": "auto",
              "width": 921,
              "height": 25
            }
          }
        ]
      },
      "events": {
        "onGetData": "getData_control18"
      },
      "intendedRole": "custom",
      "roles": "element,custom",
      "monitored": false,
      "frameXPath": "//iframe[@id='spList']<<IFRAME>>"
    },
    "control22": {
      "location": {
        "data": {
          "tagName": "TBODY"
        },
        "locators": [
          {
            "id": "text",
            "prob": 3,
            "value": {
              "text": [
                "审批流程： 经办人 姚宝库 招标小组成员 张雪林,衣晓伟,刘宝山,肖杰,高飞,陈光耀 招标小组组长 杨兆清 意见*: 审批常用语: 请选择 同意 不同意 请领导审批 请提出建议 转发人*:"
              ],
              "visText": [
                "审批流程： 经办人 姚宝库 招标小组成员 张雪林,衣晓伟,刘宝山,肖杰,高飞,陈光耀 招标小组组长 杨兆清"
              ]
            }
          },
          {
            "id": "@id/word",
            "prob": 2,
            "value": [
              "descendant::FORM[@id=\"sp_frm\"]/TABLE[1]/TBODY[1]",
              "descendant::FORM[@id=\"sp_frm\"]//TBODY"
            ]
          },
          {
            "id": "@class/word",
            "prob": 1,
            "ordinal": [
              0,
              2
            ],
            "value": "BODY.ext-webkit.ext-chrome.ext-mac TABLE.wd_tablelist04 TBODY"
          },
          {
            "id": "path/ordinal",
            "prob": 1,
            "value": "/HTML[1]/BODY[1]/FORM[1]/TABLE[1]/TBODY[1]"
          },
          {
            "id": "shield",
            "value": {
              "zIndex": "auto",
              "width": 1076,
              "height": 54
            }
          }
        ]
      },
      "events": {
        "onGetData": "getData_control22"
      },
      "intendedRole": "custom",
      "roles": "element,link,custom",
      "ignoreVisibility": true,
      "monitored": true,
      "frameXPath": "//iframe[@id='spList']<<IFRAME>>"
    },
    "control32": {
      "location": {
        "data": {
          "tagName": "TBODY"
        },
        "locators": [
          {
            "id": "@class/word",
            "prob": 1,
            "ordinal": [
              0,
              2
            ],
            "value": "BODY.ext-webkit.ext-chrome.ext-mac TABLE.table_fj TBODY"
          },
          {
            "id": "path/ordinal",
            "prob": 1,
            "value": "/HTML[1]/BODY[1]/TABLE[2]/TBODY[1]"
          },
          {
            "id": "shield",
            "value": {
              "zIndex": "auto",
              "width": 1076,
              "height": 261
            }
          }
        ]
      },
      "events": {
        "onGetData": "getData_control32"
      },
      "intendedRole": "custom",
      "roles": "element,link,custom",
      "monitored": true,
      "frameXPath": "//iframe[@id='spList']<<IFRAME>>"
    },
    "control43": {
      "location": {
        "data": {
          "tagName": "TD"
        },
        "locators": [
          {
            "id": "@class/word",
            "prob": 1,
            "ordinal": [
              0,
              11
            ],
            "value": "TABLE.table02 TBODY TR TD"
          },
          {
            "id": "path/ordinal",
            "prob": 1,
            "ordinal": [
              0,
              2
            ],
            "value": "/HTML[1]/BODY[1]/TABLE[1]/TBODY[1]/TR[1]/TD[1]"
          },
          {
            "id": "shield",
            "value": {
              "zIndex": "auto",
              "width": 1076,
              "height": 1372
            }
          }
        ]
      },
      "events": {
        "onGetData": "getData_control43"
      },
      "intendedRole": "custom",
      "roles": "element,custom",
      "monitored": false
    },
    "control44": {
      "location": {
        "data": {
          "tagName": "TD"
        },
        "locators": [
          {
            "id": "@class/word",
            "prob": 1,
            "ordinal": [
              0,
              11
            ],
            "value": "TABLE.table02 TBODY TR TD"
          },
          {
            "id": "path/ordinal",
            "prob": 1,
            "ordinal": [
              0,
              2
            ],
            "value": "/HTML[1]/BODY[1]/TABLE[1]/TBODY[1]/TR[1]/TD[1]"
          },
          {
            "id": "shield",
            "value": {
              "zIndex": "auto",
              "width": 1076,
              "height": 1372
            }
          }
        ]
      },
      "events": {
        "onGetData": "getData_control44"
      },
      "intendedRole": "custom",
      "roles": "element,custom",
      "monitored": false
    },
    "control33": {
      "location": {
        "data": {
          "tagName": "TBODY"
        },
        "locators": [
          {
            "id": "@class/word",
            "prob": 1,
            "value": "TABLE.table02 TABLE.table_fj TBODY"
          },
          {
            "id": "path/ordinal",
            "prob": 1,
            "value": "/HTML[1]/BODY[1]/TABLE[1]/TBODY[1]/TR[1]/TD[1]/TABLE[4]/TBODY[1]"
          },
          {
            "id": "shield",
            "value": {
              "zIndex": "auto",
              "width": 1076,
              "height": 495
            }
          }
        ]
      },
      "events": {
        "onGetData": "getData_control33"
      },
      "intendedRole": "custom",
      "roles": "element,link,custom",
      "monitored": false
    }
  },
  "contexts": {
    "context1": {
      "controls": [
        "control15",
        "control16",
        "control18",
        "control22",
        "control32",
        "control43",
        "control44",
        "control33"
      ],
      "anchors": []
    }
  },
  "flows": {
    "flow9": {
      "toContexts": [
        {
          "toContextId": "context1"
        }
      ]
    },
    "flow21": {
      "fromContextId": "context1",
      "fromAction": "click",
      "fromControlId": "control22",
      "toContexts": [
        {
          "toContextId": "context1"
        }
      ]
    },
    "flow40": {
      "fromContextId": "context1",
      "fromAction": "doAction",
      "fromControlId": "control33",
      "toContexts": [
        {
          "toContextId": "context1"
        },
        {
          "toContextId": "context16",
          "toModelId": "tishi"
        }
      ]
    }
  },
  "pages": {
    "page1": {
      "contextId": "context1",
      "layout": [
        {
          "id": "uiControl21",
          "controlId": "control16",
          "display": {
            "adapterId": "custom",
            "type": "custom",
            "adapter": {
              "templateType": "react",
              "events": {
                "onDoAction": "doAction_uiControl21",
                "onGetTemplate": "getTemplate_uiControl21"
              }
            }
          }
        },
        {
          "id": "uiControl19",
          "controlId": "control15",
          "display": {
            "adapterId": "content",
            "type": "content",
            "class": "pageTitle",
            "adapter": {
              "templateType": ""
            }
          }
        },
        {
          "id": "uiControl26",
          "display": {
            "type": "card",
            "adapterId": "card",
            "class": "content",
            "adapter": {
              "templateType": ""
            }
          },
          "layout": [
            {
              "id": "uiControl26body",
              "display": {
                "type": "cardBody",
                "adapterId": "cardBody",
                "adapter": {
                  "templateType": ""
                }
              },
              "layout": [
                {
                  "id": "uiControl36",
                  "controlId": "control43",
                  "display": {
                    "adapterId": "custom",
                    "type": "custom",
                    "adapter": {
                      "templateType": "react",
                      "events": {
                        "onDoAction": "doAction_uiControl36",
                        "onGetTemplate": "getTemplate_uiControl36"
                      }
                    }
                  }
                }
              ]
            }
          ]
        },
        {
          "id": "uiControl40",
          "display": {
            "type": "card",
            "adapterId": "card",
            "class": "content",
            "adapter": {
              "templateType": ""
            }
          },
          "layout": [
            {
              "id": "uiControl40body",
              "display": {
                "type": "cardBody",
                "adapterId": "cardBody",
                "adapter": {
                  "templateType": ""
                }
              },
              "layout": [
                {
                  "id": "uiControl50",
                  "controlId": "control44",
                  "display": {
                    "adapterId": "custom",
                    "type": "custom",
                    "adapter": {
                      "templateType": "react",
                      "events": {
                        "onDoAction": "doAction_uiControl50",
                        "onGetTemplate": "getTemplate_uiControl50"
                      }
                    }
                  }
                }
              ]
            }
          ]
        },
        {
          "id": "uiControl33",
          "display": {
            "type": "card",
            "adapterId": "card",
            "class": "content",
            "adapter": {
              "templateType": ""
            }
          },
          "layout": [
            {
              "id": "uiControl33body",
              "display": {
                "type": "cardBody",
                "adapterId": "cardBody",
                "adapter": {
                  "templateType": ""
                }
              },
              "layout": [
                {
                  "id": "uiControl62",
                  "controlId": "control33",
                  "display": {
                    "adapterId": "custom",
                    "type": "custom",
                    "adapter": {
                      "templateType": "react",
                      "events": {
                        "onDoAction": "doAction_uiControl62",
                        "onGetTemplate": "getTemplate_uiControl62"
                      }
                    }
                  }
                }
              ]
            }
          ]
        },
        {
          "id": "uiControl24",
          "display": {
            "type": "card",
            "adapterId": "card",
            "class": "content",
            "adapter": {
              "templateType": ""
            }
          },
          "layout": [
            {
              "id": "uiControl24body",
              "display": {
                "type": "cardBody",
                "adapterId": "cardBody",
                "adapter": {
                  "templateType": ""
                }
              },
              "layout": [
                {
                  "id": "uiControl25",
                  "controlId": "control18",
                  "display": {
                    "adapterId": "custom",
                    "type": "custom",
                    "adapter": {
                      "templateType": "react",
                      "events": {
                        "onDoAction": "doAction_uiControl25",
                        "onGetTemplate": "getTemplate_uiControl25"
                      }
                    }
                  }
                }
              ]
            }
          ]
        },
        {
          "id": "uiControl28",
          "display": {
            "type": "card",
            "adapterId": "card",
            "class": "content",
            "adapter": {
              "templateType": ""
            }
          },
          "layout": [
            {
              "id": "uiControl28body",
              "display": {
                "type": "cardBody",
                "adapterId": "cardBody",
                "adapter": {
                  "templateType": ""
                }
              },
              "layout": [
                {
                  "id": "uiControl27",
                  "controlId": "control22",
                  "display": {
                    "adapterId": "custom",
                    "type": "custom",
                    "adapter": {
                      "templateType": "react",
                      "events": {
                        "onDoAction": "doAction_uiControl27",
                        "onGetTemplate": "getTemplate_uiControl27"
                      }
                    }
                  }
                }
              ]
            }
          ]
        },
        {
          "id": "uiControl29",
          "display": {
            "type": "card",
            "adapterId": "card",
            "class": "content",
            "adapter": {
              "templateType": ""
            }
          },
          "layout": [
            {
              "id": "uiControl29body",
              "display": {
                "type": "cardBody",
                "adapterId": "cardBody",
                "adapter": {
                  "templateType": ""
                }
              },
              "layout": [
                {
                  "id": "uiControl30",
                  "controlId": "control32",
                  "display": {
                    "adapterId": "custom",
                    "type": "custom",
                    "adapter": {
                      "templateType": "react",
                      "events": {
                        "onDoAction": "doAction_uiControl30",
                        "onGetTemplate": "getTemplate_uiControl30"
                      }
                    }
                  }
                }
              ]
            }
          ]
        }
      ]
    }
  },
  "matchers": {
    "page/title": {
      "contexts": {
        "context1": [
          "答疑信息"
        ]
      }
    },
    "page/urls": {
      "contexts": {
        "context1": [
          "10.1.36.1:8083/question!spView.do?approveId=757792&spWorkItemId=758130&spFlowCode=1078&projectId=660219&targetId=&is_yb=1"
        ],
        "context16": [
          "10.1.36.1:8083/file!download.do?id=180583",
          "10.1.36.1:8083/file!download.en?id=757659"
        ]
      }
    },
    "page/ids": {
      "contexts": {
        "context1": [
          [
            "spList"
          ]
        ]
      }
    },
    "page/classes": {
      "contexts": {
        "context1": [
          [
            "divh",
            "divh_title",
            "grey",
            "heightspace",
            "table",
            "table_fj",
            "wd_tablelist"
          ]
        ]
      }
    },
    "page/tagTriplets": {
      "contexts": {
        "context1": [
          [
            "-/-/DIV",
            "-/-/SCRIPT",
            "-/-/SPAN",
            "-/-/TABLE",
            "-/DIV/IMG",
            "-/TABLE/TBODY",
            "TABLE/TBODY/TR",
            "TBODY/TR/TD",
            "TBODY/TR/TH",
            "TD/DIV/A",
            "TD/DIV/IMG",
            "TD/DIV/P",
            "TD/SPAN/DIV",
            "TD/TABLE/TBODY",
            "TR/TD/A",
            "TR/TD/BR",
            "TR/TD/DIV",
            "TR/TD/IFRAME",
            "TR/TD/IMG",
            "TR/TD/SPAN",
            "TR/TD/STRONG",
            "TR/TD/TABLE"
          ]
        ]
      }
    }
  }
}