{
    "configs":[
        {
            "server":"tky.jp.v1.ss-fast.com",
            "server_port":"26530",
            "password":"lvn82b",
            "method":"aes-256-cfb",
            "remarks":"\u65e5\u672c\u4e1c\u4eac NTT \u9ad8\u901f\u8282\u70b9"
        },
        {
            "server":"tky3.jp.v1.ss-fast.com",
            "server_port":"26530",
            "password":"lvn82b",
            "method":"aes-256-cfb",
            "remarks":"\u65e5\u672c\u4e1c\u4eac KDDI \u9ad8\u901f\u8282\u70b9"
        },
        {
            "server":"unlimited.jp.v1.ss-fast.com",
            "server_port":"26530",
            "password":"lvn82b",
            "method":"aes-256-cfb",
            "remarks":"\u65e5\u672c NTT \u4e0d\u8ba1\u7b97\u6d41\u91cf\u8282\u70b9"
        },
        {
            "server":"la.us.v1.ss-fast.com",
            "server_port":"26530",
            "password":"lvn82b",
            "method":"aes-256-cfb",
            "remarks":"\u7f8e\u56fd\u6d1b\u6749\u77f6 HE \u9ad8\u901f\u8282\u70b9"
        },
        {
            "server":"gmo.sgp.v1.ss-fast.com",
            "server_port":"26530",
            "password":"lvn82b",
            "method":"aes-256-cfb",
            "remarks":"\u65b0\u52a0\u5761 \u7535\u4fe1\u76f4\u8fde \u9ad8\u901f\u8282\u70b9"
        },
        {
            "server":"london.uk.v1.ss-fast.com",
            "server_port":"26530",
            "password":"lvn82b",
            "method":"aes-256-cfb",
            "remarks":"\u82f1\u56fd\u4f26\u6566 NTT \u9ad8\u901f\u8282\u70b9"
        },
        {
            "server":"hk3.cn.v1.ss-fast.com",
            "server_port":"26530",
            "password":"lvn82b",
            "method":"aes-256-cfb",
            "remarks":"\u4e2d\u56fd\u9999\u6e2f NWT \u9ad8\u901f\u8282\u70b9"
        },
        {
            "server":"hk2.cn.v1.ss-fast.com",
            "server_port":"26530",
            "password":"lvn82b",
            "method":"aes-256-cfb",
            "remarks":"\u4e2d\u56fd\u9999\u6e2f CN2 \u9ad8\u901f\u8282\u70b9"
        }
    ]
}