{
  "version": "0.1",
  "id": "zhaobiaofabiaoshenpi",
  "targetURL": "http://10.1.36.1:8083/yq_zb_file_new!view.do?projectId=1434619&flowInsId=1434606&activityInsId=1434610&place=do&t=1479897132805",
  "jsFile": "index.js",
  "requires": {
    "xpxz": "../xpxz/index.json"
  },
  "chineseName": "招标发标审批",
  "description": "招标发标审批",
  "controls": {
    "control19": {
      "location": {
        "data": {
          "tagName": "DIV"
        },
        "locators": [
          {
            "id": "button/text",
            "prob": 3,
            "value": {
              "text": [
                "东区国际12321园林工程类招标-招标发标审批"
              ],
              "visText": [
                "东区国际12321园林工程类招标-招标发标审批"
              ]
            }
          },
          {
            "id": "text",
            "prob": 3,
            "value": {
              "text": [
                "东区国际12321园林工程类招标-招标发标审批"
              ],
              "visText": [
                "东区国际12321园林工程类招标-招标发标审批"
              ]
            }
          },
          {
            "id": "@class/word",
            "prob": 1,
            "value": "BODY.ext-webkit.ext-chrome TABLE.table02 DIV.divh1"
          },
          {
            "id": "path/ordinal",
            "prob": 1,
            "value": "/HTML[1]/BODY[1]/TABLE[2]/TBODY[1]/TR[1]/TD[1]/DIV[1]"
          },
          {
            "id": "elderLevel",
            "value": {
              "level": 0
            }
          },
          {
            "id": "shield",
            "value": {
              "zIndex": "auto",
              "width": 1076,
              "height": 39
            }
          }
        ]
      },
      "events": {
        "onGetData": "getData_control19"
      },
      "intendedRole": "custom",
      "roles": "element,custom",
      "monitored": false
    },
    "control20": {
      "location": {
        "data": {
          "tagName": "TBODY"
        },
        "locators": [
          {
            "id": "@class/word",
            "prob": 1,
            "ordinal": [
              0,
              2
            ],
            "value": "BODY.ext-webkit.ext-chrome TABLE.table02 TABLE.wd_tablelist03 TBODY"
          },
          {
            "id": "path/ordinal",
            "prob": 1,
            "value": "/HTML[1]/BODY[1]/TABLE[2]/TBODY[1]/TR[1]/TD[1]/TABLE[2]/TBODY[1]"
          },
          {
            "id": "shield",
            "value": {
              "zIndex": "auto",
              "width": 1076,
              "height": 411
            }
          }
        ]
      },
      "events": {
        "onGetData": "getData_control20"
      },
      "intendedRole": "custom",
      "roles": "element,custom",
      "monitored": false
    },
    "control23": {
      "location": {
        "data": {
          "tagName": "DIV"
        },
        "locators": [
          {
            "id": "button/text",
            "prob": 3,
            "value": {
              "text": [
                "东区国际12321园林工程类招标-招标发标审批"
              ],
              "visText": [
                "东区国际12321园林工程类招标-招标发标审批"
              ]
            }
          },
          {
            "id": "text",
            "prob": 3,
            "value": {
              "text": [
                "东区国际12321园林工程类招标-招标发标审批"
              ],
              "visText": [
                "东区国际12321园林工程类招标-招标发标审批"
              ]
            }
          },
          {
            "id": "@class/word",
            "prob": 1,
            "value": "BODY.ext-webkit.ext-chrome TABLE.table02 DIV.divh1"
          },
          {
            "id": "path/ordinal",
            "prob": 1,
            "value": "/HTML[1]/BODY[1]/TABLE[2]/TBODY[1]/TR[1]/TD[1]/DIV[1]"
          },
          {
            "id": "elderLevel",
            "value": {
              "level": 0
            }
          },
          {
            "id": "shield",
            "value": {
              "zIndex": "auto",
              "width": 1076,
              "height": 39
            }
          }
        ]
      },
      "roles": "element",
      "content": true,
      "monitored": false
    },
    "control29": {
      "location": {
        "data": {
          "tagName": "TABLE"
        },
        "locators": [
          {
            "id": "text",
            "prob": 3,
            "value": {
              "text": [
                "标段 名称 是否入围 资质 供方来源 评定级别 可用 中标次数 金额 限制 人员 限制 参与投标 标段一 北京市园林设计工程有限公司 是 B级 无限制 无限制 无限制 暂无回函 北京金都园林绿化有限责任公司 是 自主注册 B级 无限制 无限制 无限制 暂无回函"
              ],
              "visText": [
                "标段 名称 供方来源 评定级别 参与投标 标段一 北京市园林设计工程有限公司 B级 暂无回函 北京金都园林绿化有限责任公司 自主注册 B级 暂无回函"
              ]
            }
          },
          {
            "id": "@class/word",
            "prob": 1,
            "value": "BODY.ext-webkit.ext-chrome TABLE.table02 TABLE.wd_tablelist01_2"
          },
          {
            "id": "path/ordinal",
            "prob": 1,
            "value": "/HTML[1]/BODY[1]/TABLE[2]/TBODY[1]/TR[1]/TD[1]/TABLE[8]"
          },
          {
            "id": "shield",
            "value": {
              "zIndex": "auto",
              "width": 1076,
              "height": 79
            }
          }
        ]
      },
      "events": {
        "onGetData": "getData_control29"
      },
      "intendedRole": "custom",
      "roles": "element,custom",
      "monitored": false
    },
    "control27": {
      "location": {
        "data": {
          "tagName": "TD"
        },
        "locators": [
          {
            "id": "text",
            "prob": 3,
            "value": {
              "text": [
                "招标文件技术权重突破制度。开标顺序为先开技术标后开商务标：符合制度。标段一标段入围供应商数量不足三家。北京金都园林绿化有限责任公司供应商在未回函或未同意投标的情况下被选择为标段一的入围企业！北京市园林设计工程有限公司供应商在未回函或未同意投标的情况下被选择为标段一的入围企业！"
              ],
              "visText": [
                "招标文件技术权重突破制度。 开标顺序为先开技术标后开商务标：符合制度。 标段一标段入围供应商数量不足三家。 北京金都园林绿化有限责任公司供应商在未回函或未同意投标的情况下被选择为标段一的入围企业！ 北京市园林设计工程有限公司供应商在未回函或未同意投标的情况下被选择为标段一的入围企业！"
              ]
            }
          },
          {
            "id": "@class/word",
            "prob": 1,
            "ordinal": [
              36,
              37
            ],
            "value": "BODY.ext-webkit.ext-chrome TABLE.table02 TABLE.wd_tablelist03 TBODY TR TD"
          },
          {
            "id": "path/ordinal",
            "prob": 1,
            "value": "/HTML[1]/BODY[1]/TABLE[2]/TBODY[1]/TR[1]/TD[1]/TABLE[16]/TBODY[1]/TR[1]/TD[1]"
          },
          {
            "id": "shield",
            "value": {
              "zIndex": "auto",
              "width": 1074,
              "height": 158
            }
          }
        ]
      },
      "events": {
        "onGetData": "getData_control27"
      },
      "intendedRole": "custom",
      "roles": "element,custom",
      "monitored": false
    },
    "control28": {
      "location": {
        "data": {
          "tagName": "TD"
        },
        "locators": [
          {
            "id": "text",
            "prob": 3,
            "value": {
              "text": [
                "经办人 刘宝山 招标小组成员会签 胡晓亮,聂瑞海 招标小组组长 梁常明 区域公司成本管理部经理 张雪林 区域公司副总经理（成本） 李颖 区域公司总经理 徐文亮 精屋项目经理 赵丽红 成本管理中心副总经理（招采） 巨峰 成本管理中心副总经理（成本） 杨爱兵 法律事务部总经理 王楠 副总裁（成本、招采） 董智勇 总裁 崔崴"
              ],
              "visText": [
                "经办人 刘宝山 招标小组成员会签 胡晓亮,聂瑞海 招标小组组长 梁常明 区域公司成本管理部经理 张雪林 区域公司副总经理（成本） 李颖 区域公司总经理 徐文亮 精屋项目经理 赵丽红 成本管理中心副总经理（招采） 巨峰 成本管理中心副总经理（成本） 杨爱兵 法律事务部总经理 王楠 副总裁（成本、招采） 董智勇 总裁 崔崴"
              ]
            }
          },
          {
            "id": "@id/word",
            "prob": 2,
            "value": [
              "descendant::FORM[@id=\"sp_frm\"]/TABLE[1]/TBODY[1]/TR[1]/TD[1]",
              "descendant::FORM[@id=\"sp_frm\"]//TD"
            ]
          },
          {
            "id": "@class/word",
            "prob": 1,
            "ordinal": [
              1,
              4
            ],
            "value": "BODY.ext-webkit.ext-chrome TABLE.wd_tablelist04 TBODY TR TD"
          },
          {
            "id": "path/ordinal",
            "prob": 1,
            "value": "/HTML[1]/BODY[1]/FORM[1]/TABLE[1]/TBODY[1]/TR[1]/TD[1]"
          },
          {
            "id": "shield",
            "value": {
              "zIndex": "auto",
              "width": 921,
              "height": 50
            }
          }
        ]
      },
      "events": {
        "onGetData": "getData_control28"
      },
      "intendedRole": "custom",
      "roles": "element,custom",
      "monitored": false,
      "frameXPath": "//iframe[@id='spList']<<IFRAME>>"
    },
    "control30": {
      "location": {
        "data": {
          "tagName": "TBODY"
        },
        "locators": [
          {
            "id": "@class/word",
            "prob": 1,
            "ordinal": [
              0,
              2
            ],
            "value": "BODY.ext-webkit.ext-chrome TABLE.table_fj TBODY"
          },
          {
            "id": "path/ordinal",
            "prob": 1,
            "value": "/HTML[1]/BODY[1]/TABLE[2]/TBODY[1]"
          },
          {
            "id": "shield",
            "value": {
              "zIndex": "auto",
              "width": 1076,
              "height": 391
            }
          }
        ]
      },
      "events": {
        "onGetData": "getData_control30"
      },
      "intendedRole": "custom",
      "roles": "element,link,custom",
      "monitored": false,
      "frameXPath": "//iframe[@id='spList']<<IFRAME>>"
    },
    "control31": {
      "location": {
        "data": {
          "tagName": "TD"
        },
        "locators": [
          {
            "id": "path/ordinal",
            "prob": 1,
            "value": "/HTML[1]/BODY[1]/TABLE[2]/TBODY[1]/TR[1]/TD[1]"
          },
          {
            "id": "shield",
            "value": {
              "zIndex": "auto",
              "width": 1076,
              "height": 2132
            }
          }
        ]
      },
      "events": {
        "onGetData": "getData_control31"
      },
      "intendedRole": "custom",
      "roles": "element,custom",
      "monitored": false
    },
    "control17": {
      "location": {
        "data": {
          "tagName": "TD"
        },
        "locators": [
          {
            "id": "button/text",
            "prob": 3,
            "value": {
              "text": [
                "asdas"
              ],
              "visText": [
                "asdas"
              ]
            }
          },
          {
            "id": "text",
            "prob": 3,
            "value": {
              "text": [
                "asdas"
              ],
              "visText": [
                "asdas"
              ]
            }
          },
          {
            "id": "@class/word",
            "prob": 1,
            "ordinal": [
              7,
              8
            ],
            "value": "BODY.ext-webkit.ext-chrome TABLE.table02 TABLE.table_fj TBODY TR TD"
          },
          {
            "id": "path/ordinal",
            "prob": 1,
            "value": "/HTML[1]/BODY[1]/TABLE[2]/TBODY[1]/TR[1]/TD[1]/TABLE[14]/TBODY[1]/TR[1]/TD[1]"
          },
          {
            "id": "elderLevel",
            "value": {
              "level": 0
            }
          },
          {
            "id": "shield",
            "value": {
              "zIndex": "auto",
              "width": 1074,
              "height": 25
            }
          }
        ]
      },
      "events": {
        "onGetData": "getData_control17"
      },
      "intendedRole": "custom",
      "roles": "element,custom",
      "monitored": false
    },
    "control107": {
      "location": {
        "data": {
          "tagName": "TABLE"
        },
        "locators": [
          {
            "id": "text",
            "prob": 3,
            "value": {
              "text": [
                "审批流程： 经办人 刘宝山 招标小组成员会签 胡晓亮,聂瑞海 招标小组组长 梁常明 区域公司成本管理部经理 张雪林 区域公司副总经理（成本） 李颖 区域公司总经理 徐文亮 精屋项目经理 赵丽红 成本管理中心副总经理（招采） 巨峰 成本管理中心副总经理（成本） 杨爱兵 法律事务部总经理 王楠 副总裁（成本、招采） 董智勇 总裁 崔崴"
              ],
              "visText": [
                "审批流程： 经办人 刘宝山 招标小组成员会签 胡晓亮,聂瑞海 招标小组组长 梁常明 区域公司成本管理部经理 张雪林 区域公司副总经理（成本） 李颖 区域公司总经理 徐文亮 精屋项目经理 赵丽红 成本管理中心副总经理（招采） 巨峰 成本管理中心副总经理（成本） 杨爱兵 法律事务部总经理 王楠 副总裁（成本、招采） 董智勇 总裁 崔崴"
              ]
            }
          },
          {
            "id": "@id/word",
            "prob": 2,
            "value": [
              "descendant::FORM[@id=\"sp_frm\"]/TABLE[1]",
              "descendant::FORM[@id=\"sp_frm\"]//TABLE"
            ]
          },
          {
            "id": "@class/word",
            "prob": 1,
            "ordinal": [
              1,
              4
            ],
            "value": "BODY.ext-webkit.ext-chrome.ext-mac TABLE.wd_tablelist04"
          },
          {
            "id": "path/ordinal",
            "prob": 1,
            "value": "/HTML[1]/BODY[1]/FORM[1]/TABLE[1]"
          },
          {
            "id": "shield",
            "value": {
              "zIndex": "auto",
              "width": 1076,
              "height": 52
            }
          }
        ]
      },
      "events": {
        "onGetData": "getData_control107"
      },
      "intendedRole": "custom",
      "roles": "element,link,custom",
      "monitored": true,
      "frameXPath": "//iframe[@id='spList']<<IFRAME>>"
    }
  },
  "contexts": {
    "context3": {
      "controls": [
        "control19",
        "control20",
        "control23",
        "control29",
        "control27",
        "control28",
        "control30",
        "control31",
        "control17",
        "control107"
      ],
      "anchors": []
    }
  },
  "flows": {
    "flow11": {
      "toContexts": [
        {
          "toContextId": "context3"
        }
      ]
    },
    "flow12": {
      "fromContextId": "context3",
      "fromAction": "click",
      "fromControlId": "control23",
      "toContexts": [
        {
          "toContextId": "context3"
        }
      ]
    },
    "flow14": {
      "fromContextId": "context3",
      "fromAction": "doAction",
      "fromControlId": "control20",
      "toContexts": [
        {
          "toContextId": "context3"
        },
        {
          "toContextId": "context4",
          "toModelId": "xpxz"
        }
      ]
    },
    "flow13": {
      "fromContextId": "context3",
      "fromAction": "click",
      "fromControlId": "control27",
      "toContexts": [
        {
          "toContextId": "context3"
        }
      ]
    },
    "flow16": {
      "fromContextId": "context3",
      "fromAction": "click",
      "fromControlId": "control31",
      "toContexts": [
        {
          "toContextId": "context3"
        }
      ]
    }
  },
  "pages": {
    "page3": {
      "contextId": "context3",
      "layout": [
        {
          "id": "uiControl31",
          "controlId": "control19",
          "display": {
            "adapterId": "custom",
            "type": "custom",
            "adapter": {
              "templateType": "react",
              "events": {
                "onDoAction": "doAction_uiControl31",
                "onGetTemplate": "getTemplate_uiControl31"
              }
            }
          }
        },
        {
          "id": "uiControl41",
          "controlId": "control23",
          "display": {
            "adapterId": "content",
            "type": "content",
            "class": "pageTitle",
            "adapter": {
              "templateType": ""
            }
          }
        },
        {
          "id": "uiControl37",
          "display": {
            "type": "card",
            "adapterId": "card",
            "class": "content",
            "adapter": {
              "templateType": ""
            }
          },
          "layout": [
            {
              "id": "uiControl37body",
              "display": {
                "type": "cardBody",
                "adapterId": "cardBody",
                "adapter": {
                  "templateType": ""
                }
              },
              "layout": [
                {
                  "id": "uiControl38",
                  "controlId": "control20",
                  "display": {
                    "adapterId": "custom",
                    "type": "custom",
                    "adapter": {
                      "templateType": "react",
                      "events": {
                        "onDoAction": "doAction_uiControl38",
                        "onGetTemplate": "getTemplate_uiControl38"
                      }
                    }
                  }
                }
              ]
            }
          ]
        },
        {
          "id": "uiControl44",
          "display": {
            "type": "card",
            "adapterId": "card",
            "class": "content",
            "adapter": {
              "templateType": ""
            }
          },
          "layout": [
            {
              "id": "uiControl44body",
              "display": {
                "type": "cardBody",
                "adapterId": "cardBody",
                "adapter": {
                  "templateType": ""
                }
              },
              "layout": [
                {
                  "id": "uiControl7",
                  "controlId": "control29",
                  "display": {
                    "adapterId": "custom",
                    "type": "custom",
                    "adapter": {
                      "templateType": "react",
                      "events": {
                        "onDoAction": "doAction_uiControl7",
                        "onGetTemplate": "getTemplate_uiControl7"
                      }
                    }
                  }
                }
              ]
            }
          ]
        },
        {
          "id": "uiControl51",
          "display": {
            "type": "card",
            "adapterId": "card",
            "class": "content",
            "adapter": {
              "templateType": ""
            }
          },
          "layout": [
            {
              "id": "uiControl51body",
              "display": {
                "type": "cardBody",
                "adapterId": "cardBody",
                "adapter": {
                  "templateType": ""
                }
              },
              "layout": [
                {
                  "id": "uiControl32",
                  "controlId": "control17",
                  "display": {
                    "adapterId": "custom",
                    "type": "custom",
                    "adapter": {
                      "templateType": "react",
                      "events": {
                        "onDoAction": "doAction_uiControl32",
                        "onGetTemplate": "getTemplate_uiControl32"
                      }
                    }
                  }
                }
              ]
            }
          ]
        },
        {
          "id": "uiControl47",
          "display": {
            "type": "card",
            "adapterId": "card",
            "class": "content",
            "adapter": {
              "templateType": ""
            }
          },
          "layout": [
            {
              "id": "uiControl47body",
              "display": {
                "type": "cardBody",
                "adapterId": "cardBody",
                "adapter": {
                  "templateType": ""
                }
              },
              "layout": [
                {
                  "id": "uiControl48",
                  "controlId": "control27",
                  "display": {
                    "adapterId": "custom",
                    "type": "custom",
                    "adapter": {
                      "templateType": "react",
                      "events": {
                        "onDoAction": "doAction_uiControl48",
                        "onGetTemplate": "getTemplate_uiControl48"
                      }
                    }
                  }
                }
              ]
            }
          ]
        },
        {
          "id": "uiControl49",
          "display": {
            "type": "card",
            "adapterId": "card",
            "class": "content",
            "adapter": {
              "templateType": ""
            }
          },
          "layout": [
            {
              "id": "uiControl49body",
              "display": {
                "type": "cardBody",
                "adapterId": "cardBody",
                "adapter": {
                  "templateType": ""
                }
              },
              "layout": [
                {
                  "id": "uiControl59",
                  "controlId": "control31",
                  "display": {
                    "adapterId": "custom",
                    "type": "custom",
                    "adapter": {
                      "templateType": "react",
                      "events": {
                        "onDoAction": "doAction_uiControl59",
                        "onGetTemplate": "getTemplate_uiControl59"
                      }
                    }
                  }
                }
              ]
            }
          ]
        },
        {
          "id": "uiControl54",
          "display": {
            "type": "card",
            "adapterId": "card",
            "class": "content",
            "adapter": {
              "templateType": ""
            }
          },
          "layout": [
            {
              "id": "uiControl54body",
              "display": {
                "type": "cardBody",
                "adapterId": "cardBody",
                "adapter": {
                  "templateType": ""
                }
              },
              "layout": [
                {
                  "id": "uiControl60",
                  "controlId": "control28",
                  "display": {
                    "adapterId": "custom",
                    "type": "custom",
                    "adapter": {
                      "templateType": "react",
                      "events": {
                        "onDoAction": "doAction_uiControl60",
                        "onGetTemplate": "getTemplate_uiControl60"
                      }
                    }
                  }
                }
              ]
            }
          ]
        },
        {
          "id": "uiControl184",
          "display": {
            "type": "card",
            "adapterId": "card",
            "class": "content",
            "adapter": {
              "templateType": ""
            }
          },
          "layout": [
            {
              "id": "uiControl184body",
              "display": {
                "type": "cardBody",
                "adapterId": "cardBody",
                "adapter": {
                  "templateType": ""
                }
              },
              "layout": [
                {
                  "id": "uiControl185",
                  "controlId": "control107",
                  "display": {
                    "adapterId": "custom",
                    "type": "custom",
                    "adapter": {
                      "templateType": "react",
                      "events": {
                        "onDoAction": "doAction_uiControl185",
                        "onGetTemplate": "getTemplate_uiControl185"
                      }
                    }
                  }
                }
              ]
            }
          ]
        },
        {
          "id": "uiControl58",
          "display": {
            "type": "card",
            "adapterId": "card",
            "class": "content",
            "adapter": {
              "templateType": ""
            }
          },
          "layout": [
            {
              "id": "uiControl58body",
              "display": {
                "type": "cardBody",
                "adapterId": "cardBody",
                "adapter": {
                  "templateType": ""
                }
              },
              "layout": [
                {
                  "id": "uiControl55",
                  "controlId": "control30",
                  "display": {
                    "adapterId": "custom",
                    "type": "custom",
                    "adapter": {
                      "templateType": "react",
                      "events": {
                        "onDoAction": "doAction_uiControl55",
                        "onGetTemplate": "getTemplate_uiControl55"
                      }
                    }
                  }
                }
              ]
            }
          ]
        }
      ]
    }
  },
  "matchers": {
    "page/title": {
      "contexts": {
        "context3": [
          "发标审批"
        ]
      }
    },
    "page/urls": {
      "contexts": {
        "context3": [
          "10.1.36.1:8083/yq_zb_file_new!view.do?projectId=1434619&flowInsId=1434606&activityInsId=1434610&place=do&t=1479897132805"
        ]
      }
    },
    "page/ids": {
      "contexts": {
        "context3": [
          [
            "_myDP",
            "button",
            "datePlan_jbDate",
            "frm",
            "frm_activityInsId",
            "frm_flowInsId",
            "frm_kb",
            "frm_kb_activityInsId",
            "frm_kb_flowInsId",
            "frm_kb_projectId",
            "frm_projectId",
            "frm_qs",
            "frm_qs_activityInsId",
            "frm_qs_flowInsId",
            "frm_qs_projectId",
            "spList"
          ],
          [
            "button",
            "datePlan_jbDate",
            "frm",
            "frm_activityInsId",
            "frm_flowInsId",
            "frm_kb",
            "frm_kb_activityInsId",
            "frm_kb_flowInsId",
            "frm_kb_projectId",
            "frm_projectId",
            "frm_qs",
            "frm_qs_activityInsId",
            "frm_qs_flowInsId",
            "frm_qs_projectId",
            "spList"
          ],
          [
            "datePlan_jbDate",
            "frm",
            "frm_activityInsId",
            "frm_flowInsId",
            "frm_kb",
            "frm_kb_activityInsId",
            "frm_kb_flowInsId",
            "frm_kb_projectId",
            "frm_projectId",
            "frm_qs",
            "frm_qs_activityInsId",
            "frm_qs_flowInsId",
            "frm_qs_projectId",
            "spList"
          ],
          [
            "_myDP",
            "datePlan_jbDate",
            "frm",
            "frm_activityInsId",
            "frm_flowInsId",
            "frm_kb",
            "frm_kb_activityInsId",
            "frm_kb_flowInsId",
            "frm_kb_projectId",
            "frm_projectId",
            "frm_qs",
            "frm_qs_activityInsId",
            "frm_qs_flowInsId",
            "frm_qs_projectId",
            "spList"
          ]
        ]
      }
    },
    "page/classes": {
      "contexts": {
        "context3": [
          [
            "cred",
            "dfbtn",
            "dfbtn_disable",
            "divh",
            "divh_time",
            "divh_title",
            "gkol",
            "gkyd_green",
            "gkyd_red",
            "heightspace",
            "lct_tool",
            "lct_tt",
            "sd",
            "table",
            "table_fj",
            "wd_tablelist",
            "wd_tablelist_"
          ],
          [
            "cred",
            "dfbtn_disable",
            "divh",
            "divh_time",
            "divh_title",
            "gkol",
            "gkyd_green",
            "gkyd_red",
            "heightspace",
            "lct_tool",
            "lct_tt",
            "sd",
            "table",
            "table_fj",
            "wd_tablelist",
            "wd_tablelist_"
          ],
          [
            "cred",
            "dfbtn",
            "divh",
            "divh_time",
            "divh_title",
            "gkol",
            "gkyd_green",
            "gkyd_red",
            "heightspace",
            "lct_tool",
            "lct_tt",
            "sd",
            "table",
            "table_fj",
            "wd_tablelist",
            "wd_tablelist_"
          ],
          [
            "cred",
            "divh",
            "divh_time",
            "divh_title",
            "gkol",
            "gkyd_green",
            "gkyd_red",
            "heightspace",
            "lct_tool",
            "lct_tt",
            "sd",
            "table",
            "table_fj",
            "wd_tablelist",
            "wd_tablelist_"
          ]
        ]
      }
    },
    "page/tagTriplets": {
      "contexts": {
        "context3": [
          [
            "-/-/DIV",
            "-/-/SCRIPT",
            "-/-/SPAN",
            "-/-/TABLE",
            "-/DIV/IFRAME",
            "-/TABLE/TBODY",
            "OL/LI/IMG",
            "OL/LI/SPAN",
            "TABLE/TBODY/TR",
            "TBODY/TR/TD",
            "TBODY/TR/TH",
            "TD/A/IMG",
            "TD/DIV/A",
            "TD/DIV/BR",
            "TD/DIV/IMG",
            "TD/FORM/FONT",
            "TD/FORM/INPUT-hidden",
            "TD/OL/LI",
            "TD/TABLE/TBODY",
            "TR/TD/A",
            "TR/TD/DIV",
            "TR/TD/FORM",
            "TR/TD/IFRAME",
            "TR/TD/INPUT-button",
            "TR/TD/OL",
            "TR/TD/SPAN",
            "TR/TD/STRONG",
            "TR/TD/TABLE",
            "TR/TH/BR",
            "TR/TH/STRONG"
          ],
          [
            "-/-/DIV",
            "-/-/SCRIPT",
            "-/-/SPAN",
            "-/-/TABLE",
            "-/TABLE/TBODY",
            "OL/LI/IMG",
            "OL/LI/SPAN",
            "TABLE/TBODY/TR",
            "TBODY/TR/TD",
            "TBODY/TR/TH",
            "TD/A/IMG",
            "TD/DIV/A",
            "TD/DIV/BR",
            "TD/DIV/IMG",
            "TD/FORM/FONT",
            "TD/FORM/INPUT-hidden",
            "TD/OL/LI",
            "TD/TABLE/TBODY",
            "TR/TD/A",
            "TR/TD/DIV",
            "TR/TD/FORM",
            "TR/TD/IFRAME",
            "TR/TD/INPUT-button",
            "TR/TD/OL",
            "TR/TD/SPAN",
            "TR/TD/STRONG",
            "TR/TD/TABLE",
            "TR/TH/BR",
            "TR/TH/STRONG"
          ],
          [
            "-/-/SCRIPT",
            "-/-/SPAN",
            "-/-/TABLE",
            "-/TABLE/TBODY",
            "OL/LI/IMG",
            "OL/LI/SPAN",
            "TABLE/TBODY/TR",
            "TBODY/TR/TD",
            "TBODY/TR/TH",
            "TD/A/IMG",
            "TD/DIV/A",
            "TD/DIV/BR",
            "TD/DIV/IMG",
            "TD/FORM/FONT",
            "TD/FORM/INPUT-hidden",
            "TD/OL/LI",
            "TD/TABLE/TBODY",
            "TR/TD/A",
            "TR/TD/DIV",
            "TR/TD/FORM",
            "TR/TD/IFRAME",
            "TR/TD/INPUT-button",
            "TR/TD/OL",
            "TR/TD/SPAN",
            "TR/TD/STRONG",
            "TR/TD/TABLE",
            "TR/TH/BR",
            "TR/TH/STRONG"
          ],
          [
            "-/-/SCRIPT",
            "-/-/SPAN",
            "-/-/TABLE",
            "-/TABLE/TBODY",
            "OL/LI/IMG",
            "OL/LI/SPAN",
            "TABLE/TBODY/TR",
            "TBODY/TR/TD",
            "TBODY/TR/TH",
            "TD/A/IMG",
            "TD/DIV/A",
            "TD/DIV/BR",
            "TD/DIV/IMG",
            "TD/FORM/FONT",
            "TD/FORM/INPUT-hidden",
            "TD/OL/LI",
            "TD/TABLE/TBODY",
            "TR/TD/A",
            "TR/TD/DIV",
            "TR/TD/FORM",
            "TR/TD/IFRAME",
            "TR/TD/OL",
            "TR/TD/SPAN",
            "TR/TD/STRONG",
            "TR/TD/TABLE",
            "TR/TH/BR",
            "TR/TH/STRONG"
          ],
          [
            "-/-/DIV",
            "-/-/SCRIPT",
            "-/-/SPAN",
            "-/-/TABLE",
            "-/DIV/IFRAME",
            "-/TABLE/TBODY",
            "OL/LI/IMG",
            "OL/LI/SPAN",
            "TABLE/TBODY/TR",
            "TBODY/TR/TD",
            "TBODY/TR/TH",
            "TD/A/IMG",
            "TD/DIV/A",
            "TD/DIV/BR",
            "TD/DIV/IMG",
            "TD/FORM/FONT",
            "TD/FORM/INPUT-hidden",
            "TD/OL/LI",
            "TD/TABLE/TBODY",
            "TR/TD/A",
            "TR/TD/DIV",
            "TR/TD/FORM",
            "TR/TD/IFRAME",
            "TR/TD/OL",
            "TR/TD/SPAN",
            "TR/TD/STRONG",
            "TR/TD/TABLE",
            "TR/TH/BR",
            "TR/TH/STRONG"
          ]
        ]
      }
    }
  }
}