{
  "version": "0.1",
  "id": "qingbiaoshenpi",
  "targetURL": "http://10.1.36.1:8083/approve!index.do?projectId=322636&approveId=493888&spActivityInsId=493869&spFlowCode=9293&userCode=493888&spWorkItemId=494415&is_yb=1",
  "jsFile": "index.js",
  "requires": {
    "choose": "../choose/index.json"
  },
  "chineseName": "清标审批",
  "description": "",
  "controls": {
    "control49": {
      "location": {
        "data": {
          "tagName": "TD"
        },
        "locators": [
          {
            "id": "button/text",
            "prob": 3,
            "value": {
              "text": [
                "审批信息查看 传阅 打印 关闭"
              ],
              "visText": [
                "审批信息查看 传阅 打印 关闭"
              ]
            }
          },
          {
            "id": "text",
            "prob": 3,
            "value": {
              "text": [
                "审批信息查看 传阅 打印 关闭"
              ],
              "visText": [
                "审批信息查看 传阅打印关闭"
              ]
            }
          },
          {
            "id": "@id/nonWord",
            "prob": 1,
            "disabled": true,
            "fact": "_a",
            "value": "descendant::TABLE[@id=\"_a\"]/TBODY[1]/TR[1]/TD[1]"
          },
          {
            "id": "@class/word",
            "prob": 1,
            "value": "BODY.ext-webkit.ext-chrome DIV.wdtable_title_sp.Noprn TABLE.wdtable_title TBODY TR TD"
          },
          {
            "id": "path/ordinal",
            "prob": 1,
            "value": "/HTML[1]/BODY[1]/DIV[1]/TABLE[1]/TBODY[1]/TR[1]/TD[1]"
          },
          {
            "id": "shield",
            "value": {
              "zIndex": "auto",
              "width": 1100,
              "height": 32
            }
          }
        ]
      },
      "events": {
        "onGetData": "getData_control49"
      },
      "intendedRole": "custom",
      "roles": "element,custom",
      "monitored": false
    },
    "control50": {
      "location": {
        "data": {
          "tagName": "DIV"
        },
        "locators": [
          {
            "id": "button/text",
            "prob": 3,
            "value": {
              "text": [
                "夏各庄5A光力柜及电表箱低压配电箱柜类招标-清标文件审批"
              ],
              "visText": [
                "夏各庄5A光力柜及电表箱低压配电箱柜类招标-清标文件审批"
              ]
            }
          },
          {
            "id": "text",
            "prob": 3,
            "value": {
              "text": [
                "夏各庄5A光力柜及电表箱低压配电箱柜类招标-清标文件审批"
              ],
              "visText": [
                "夏各庄5A光力柜及电表箱低压配电箱柜类招标-清标文件审批"
              ]
            }
          },
          {
            "id": "@class/word",
            "prob": 1,
            "ordinal": [
              0,
              2
            ],
            "value": "TABLE.table02 DIV.divh1"
          },
          {
            "id": "path/ordinal",
            "prob": 1,
            "value": "/HTML[1]/BODY[1]/FORM[1]/TABLE[1]/TBODY[1]/TR[1]/TD[1]/DIV[1]"
          },
          {
            "id": "elderLevel",
            "value": {
              "level": 0
            }
          },
          {
            "id": "shield",
            "value": {
              "zIndex": "auto",
              "width": 1076,
              "height": 39
            }
          }
        ]
      },
      "roles": "element",
      "content": true,
      "monitored": false,
      "frameXPath": "//iframe[@id='nodeFrame']<<IFRAME>>"
    },
    "control52": {
      "location": {
        "data": {
          "tagName": "OL"
        },
        "locators": [
          {
            "id": "text",
            "prob": 3,
            "value": {
              "text": [
                "盛隆电气集团有限公司已清标1次，可清标2次。北京航天海鹰星航机电设备有限公司已清标1次，可清标2次。北京中航空港通用设备有限公司已清标1次，可清标2次。北京万德福电器开关厂已清标1次，可清标2次。第1次清标，商务标未开，标段一，清标选择全部供方：符合制度。"
              ],
              "visText": [
                "盛隆电气集团有限公司已清标1次，可清标2次。 北京航天海鹰星航机电设备有限公司已清标1次，可清标2次。 北京中航空港通用设备有限公司已清标1次，可清标2次。 北京万德福电器开关厂已清标1次，可清标2次。 第1次清标，商务标未开，标段一，清标选择全部供方：符合制度。"
              ]
            }
          },
          {
            "id": "@class/word",
            "prob": 1,
            "ordinal": [
              0,
              2
            ],
            "value": "TABLE.table02 TABLE.wd_tablelist03 OL.gkol"
          },
          {
            "id": "path/ordinal",
            "prob": 1,
            "value": "/HTML[1]/BODY[1]/FORM[1]/TABLE[1]/TBODY[1]/TR[1]/TD[1]/TABLE[6]/TBODY[1]/TR[1]/TD[1]/OL[1]"
          },
          {
            "id": "shield",
            "value": {
              "zIndex": "auto",
              "width": 1002,
              "height": 150
            }
          }
        ]
      },
      "events": {
        "onGetData": "getData_control52"
      },
      "intendedRole": "custom",
      "roles": "element,custom",
      "monitored": false,
      "frameXPath": "//iframe[@id='nodeFrame']<<IFRAME>>"
    },
    "control54": {
      "location": {
        "data": {
          "tagName": "TBODY"
        },
        "locators": [
          {
            "id": "@class/word",
            "prob": 1,
            "ordinal": [
              0,
              3
            ],
            "value": "BODY.ext-webkit.ext-chrome TABLE.table_fj TBODY"
          },
          {
            "id": "path/ordinal",
            "prob": 1,
            "value": "/HTML[1]/BODY[1]/TABLE[2]/TBODY[1]"
          },
          {
            "id": "shield",
            "value": {
              "zIndex": "auto",
              "width": 1076,
              "height": 627
            }
          }
        ]
      },
      "events": {
        "onGetData": "getData_control54"
      },
      "intendedRole": "custom",
      "roles": "element,link,custom",
      "monitored": true,
      "frameXPath": "//iframe[@id='nodeFrame']<<IFRAME>>//iframe[@id='spList']<<IFRAME>>"
    },
    "control64": {
      "location": {
        "data": {
          "tagName": "TD"
        },
        "locators": [
          {
            "id": "text",
            "prob": 3,
            "value": {
              "text": [
                "经办人 姚宝库 招标小组成员 刘大伟,张雪林,孙德峰,鞠连成,黄成谋,唐孝锋 区域公司招标采购部经理 刘宝山 区域公司副总经理（招采） 苏庆华 区域公司总经理 徐文亮 招标采购中心总经理 请选择 巨峰 刘奇 成本管理中心总经理 杨爱兵 副总裁（成本、招采） 董智勇 总裁 崔崴"
              ],
              "visText": [
                "经办人 姚宝库 招标小组成员 刘大伟,张雪林,孙德峰,鞠连成,黄成谋,唐孝锋 区域公司招标采购部经理 刘宝山 区域公司副总经理（招采） 苏庆华 区域公司总经理 徐文亮 招标采购中心总经理 成本管理中心总经理 杨爱兵 副总裁（成本、招采） 董智勇 总裁 崔崴"
              ]
            }
          },
          {
            "id": "@id/word",
            "prob": 2,
            "value": [
              "descendant::FORM[@id=\"sp_frm\"]/TABLE[1]/TBODY[1]/TR[1]/TD[1]",
              "descendant::FORM[@id=\"sp_frm\"]//TD"
            ]
          },
          {
            "id": "@class/word",
            "prob": 1,
            "ordinal": [
              0,
              12
            ],
            "value": "BODY.ext-webkit.ext-chrome.ext-mac TABLE.wd_tablelist04 TBODY TR TD"
          },
          {
            "id": "path/ordinal",
            "prob": 1,
            "value": "/HTML[1]/BODY[1]/FORM[1]/TABLE[1]/TBODY[1]/TR[1]/TD[1]"
          },
          {
            "id": "shield",
            "value": {
              "zIndex": "auto",
              "width": 921,
              "height": 54
            }
          }
        ]
      },
      "events": {
        "onGetData": "getData_control64"
      },
      "intendedRole": "custom",
      "roles": "element,custom",
      "monitored": false,
      "frameXPath": "//iframe[@id='nodeFrame']<<IFRAME>>//iframe[@id='spList']<<IFRAME>>"
    },
    "control65": {
      "location": {
        "data": {
          "tagName": "TD"
        },
        "locators": [
          {
            "id": "@id/word",
            "prob": 2,
            "value": "descendant::FORM[@id=\"sendForm\"]/TABLE[1]/TBODY[1]/TR[1]/TD[1]"
          },
          {
            "id": "path/ordinal",
            "prob": 1,
            "value": "/HTML[1]/BODY[1]/FORM[1]/TABLE[1]/TBODY[1]/TR[1]/TD[1]"
          },
          {
            "id": "shield",
            "value": {
              "zIndex": "auto",
              "width": 1076,
              "height": 2005
            }
          }
        ]
      },
      "events": {
        "onGetData": "getData_control65"
      },
      "intendedRole": "custom",
      "roles": "element,custom",
      "monitored": true,
      "frameXPath": "//iframe[@id='nodeFrame']<<IFRAME>>"
    },
    "control71": {
      "location": {
        "data": {
          "tagName": "TBODY"
        },
        "locators": [
          {
            "id": "text",
            "prob": 3,
            "value": {
              "text": [
                "审批流程： 经办人 姚宝库 招标小组成员 刘大伟,张雪林,孙德峰,鞠连成,黄成谋,唐孝锋 区域公司招标采购部经理 刘宝山 区域公司副总经理（招采） 苏庆华 区域公司总经理 徐文亮 招标采购中心总经理 刘奇 成本管理中心总经理 杨爱兵 副总裁（成本、招采） 董智勇 总裁 崔崴 意见*: 审批常用语: 请选择 同意 不同意 请领导审批 请提出建议 转发人*:"
              ],
              "visText": [
                "审批流程： 经办人 姚宝库 招标小组成员 刘大伟,张雪林,孙德峰,鞠连成,黄成谋,唐孝锋 区域公司招标采购部经理 刘宝山 区域公司副总经理（招采） 苏庆华 区域公司总经理 徐文亮 招标采购中心总经理 刘奇 成本管理中心总经理 杨爱兵 副总裁（成本、招采） 董智勇 总裁 崔崴 意见*: 审批常用语: 转发人*:"
              ]
            }
          },
          {
            "id": "@id/word",
            "prob": 2,
            "value": [
              "descendant::FORM[@id=\"sp_frm\"]/TABLE[1]/TBODY[1]",
              "descendant::FORM[@id=\"sp_frm\"]//TBODY"
            ]
          },
          {
            "id": "@class/word",
            "prob": 1,
            "ordinal": [
              0,
              3
            ],
            "value": "BODY.ext-webkit.ext-chrome.ext-mac TABLE.wd_tablelist04 TBODY"
          },
          {
            "id": "path/ordinal",
            "prob": 1,
            "value": "/HTML[1]/BODY[1]/FORM[1]/TABLE[1]/TBODY[1]"
          },
          {
            "id": "shield",
            "value": {
              "zIndex": "auto",
              "width": 1076,
              "height": 225
            }
          }
        ]
      },
      "events": {
        "onGetData": "getData_control71"
      },
      "intendedRole": "custom",
      "roles": "element,link,custom",
      "monitored": true,
      "frameXPath": "//iframe[@id='nodeFrame']<<IFRAME>>//iframe[@id='spList']<<IFRAME>>"
    },
    "control73": {
      "location": {
        "data": {
          "tagName": "TD"
        },
        "locators": [
          {
            "id": "@id/word",
            "prob": 2,
            "value": "descendant::FORM[@id=\"sendForm\"]/TABLE[1]/TBODY[1]/TR[1]/TD[1]"
          },
          {
            "id": "path/ordinal",
            "prob": 1,
            "value": "/HTML[1]/BODY[1]/FORM[1]/TABLE[1]/TBODY[1]/TR[1]/TD[1]"
          },
          {
            "id": "shield",
            "value": {
              "zIndex": "auto",
              "width": 1076,
              "height": 2155
            }
          }
        ]
      },
      "events": {
        "onGetData": "getData_control73"
      },
      "intendedRole": "custom",
      "roles": "element,custom",
      "monitored": true,
      "frameXPath": "//iframe[@id='nodeFrame']<<IFRAME>>"
    },
    "control109": {
      "location": {
        "data": {
          "tagName": "DIV"
        },
        "locators": [
          {
            "id": "text",
            "prob": 3,
            "value": {
              "text": [
                "友情提示 对不起，系统无法正确处理您的请求，点击 返回 或联系管理员! 提示：对不起,未找到打开文件！"
              ],
              "visText": [
                "友情提示 对不起，系统无法正确处理您的请求，点击 返回 或联系管理员! 提示：对不起,未找到打开文件！"
              ]
            }
          },
          {
            "id": "@class/word",
            "prob": 1,
            "ordinal": [
              0,
              2
            ],
            "value": "DIV.alert_box"
          },
          {
            "id": "path/ordinal",
            "prob": 1,
            "value": "/HTML[1]/BODY[1]/DIV[1]"
          },
          {
            "id": "shield",
            "value": {
              "zIndex": "auto",
              "width": 550,
              "height": 178
            }
          }
        ]
      },
      "events": {
        "onGetData": "getData_control109"
      },
      "intendedRole": "custom",
      "roles": "element,link,custom",
      "monitored": false,
      "frameXPath": "//iframe[@id='nodeFrame']<<IFRAME>>"
    }
  },
  "contexts": {
    "context9": {
      "controls": [
        "control49",
        "control50",
        "control52",
        "control54",
        "control64",
        "control65",
        "control71",
        "control73",
        "control109"
      ],
      "anchors": []
    }
  },
  "flows": {
    "flow23": {
      "toContexts": [
        {
          "toContextId": "context9"
        }
      ]
    },
    "flow28": {
      "fromContextId": "context9",
      "fromAction": "doAction",
      "fromControlId": "control65",
      "toContexts": [
        {
          "toContextId": "context9"
        }
      ]
    },
    "flow48": {
      "fromContextId": "context9",
      "fromAction": "doAction",
      "fromControlId": "control71",
      "toContexts": [
        {
          "toContextId": "context9"
        },
        {
          "toContextId": "context18",
          "toModelId": "choose"
        }
      ]
    }
  },
  "pages": {
    "page8": {
      "contextId": "context9",
      "layout": [
        {
          "id": "uiControl75",
          "controlId": "control49",
          "display": {
            "adapterId": "custom",
            "type": "custom",
            "adapter": {
              "templateType": "react",
              "events": {
                "onDoAction": "doAction_uiControl75",
                "onGetTemplate": "getTemplate_uiControl75"
              }
            }
          }
        },
        {
          "id": "uiControl84",
          "controlId": "control50",
          "display": {
            "adapterId": "content",
            "type": "content",
            "class": "pageTitle",
            "adapter": {
              "templateType": ""
            }
          }
        },
        {
          "id": "uiControl85",
          "display": {
            "type": "card",
            "adapterId": "card",
            "class": "content",
            "adapter": {
              "templateType": ""
            }
          },
          "layout": [
            {
              "id": "uiControl85body",
              "display": {
                "type": "cardBody",
                "adapterId": "cardBody",
                "adapter": {
                  "templateType": ""
                }
              },
              "layout": [
                {
                  "id": "uiControl117",
                  "controlId": "control73",
                  "display": {
                    "adapterId": "custom",
                    "type": "custom",
                    "adapter": {
                      "templateType": "react",
                      "events": {
                        "onDoAction": "doAction_uiControl117",
                        "onGetTemplate": "getTemplate_uiControl117"
                      }
                    }
                  }
                }
              ]
            }
          ]
        },
        {
          "id": "uiControl87",
          "display": {
            "type": "card",
            "adapterId": "card",
            "class": "content",
            "adapter": {
              "templateType": ""
            }
          },
          "layout": [
            {
              "id": "uiControl87body",
              "display": {
                "type": "cardBody",
                "adapterId": "cardBody",
                "adapter": {
                  "templateType": ""
                }
              },
              "layout": [
                {
                  "id": "uiControl88",
                  "controlId": "control52",
                  "display": {
                    "adapterId": "custom",
                    "type": "custom",
                    "adapter": {
                      "templateType": "react",
                      "events": {
                        "onDoAction": "doAction_uiControl88",
                        "onGetTemplate": "getTemplate_uiControl88"
                      }
                    }
                  }
                }
              ]
            }
          ]
        },
        {
          "id": "uiControl89",
          "display": {
            "type": "card",
            "adapterId": "card",
            "class": "content",
            "adapter": {
              "templateType": ""
            }
          },
          "layout": [
            {
              "id": "uiControl89body",
              "display": {
                "type": "cardBody",
                "adapterId": "cardBody",
                "adapter": {
                  "templateType": ""
                }
              },
              "layout": [
                {
                  "id": "uiControl109",
                  "controlId": "control65",
                  "display": {
                    "adapterId": "custom",
                    "type": "custom",
                    "adapter": {
                      "templateType": "react",
                      "events": {
                        "onDoAction": "doAction_uiControl109",
                        "onGetTemplate": "getTemplate_uiControl109"
                      }
                    }
                  }
                }
              ]
            }
          ]
        },
        {
          "id": "uiControl107",
          "display": {
            "type": "card",
            "adapterId": "card",
            "class": "content",
            "adapter": {
              "templateType": ""
            }
          },
          "layout": [
            {
              "id": "uiControl107body",
              "display": {
                "type": "cardBody",
                "adapterId": "cardBody",
                "adapter": {
                  "templateType": ""
                }
              },
              "layout": [
                {
                  "id": "uiControl108",
                  "controlId": "control64",
                  "display": {
                    "adapterId": "custom",
                    "type": "custom",
                    "adapter": {
                      "templateType": "react",
                      "events": {
                        "onDoAction": "doAction_uiControl108",
                        "onGetTemplate": "getTemplate_uiControl108"
                      }
                    }
                  }
                }
              ]
            }
          ]
        },
        {
          "id": "uiControl115",
          "display": {
            "type": "card",
            "adapterId": "card",
            "class": "content",
            "adapter": {
              "templateType": ""
            }
          },
          "layout": [
            {
              "id": "uiControl115body",
              "display": {
                "type": "cardBody",
                "adapterId": "cardBody",
                "adapter": {
                  "templateType": ""
                }
              },
              "layout": [
                {
                  "id": "uiControl116",
                  "controlId": "control71",
                  "display": {
                    "adapterId": "custom",
                    "type": "custom",
                    "adapter": {
                      "templateType": "react",
                      "events": {
                        "onDoAction": "doAction_uiControl116",
                        "onGetTemplate": "getTemplate_uiControl116"
                      }
                    }
                  }
                }
              ]
            }
          ]
        },
        {
          "id": "uiControl91",
          "display": {
            "type": "card",
            "adapterId": "card",
            "class": "content",
            "adapter": {
              "templateType": ""
            }
          },
          "layout": [
            {
              "id": "uiControl91body",
              "display": {
                "type": "cardBody",
                "adapterId": "cardBody",
                "adapter": {
                  "templateType": ""
                }
              },
              "layout": [
                {
                  "id": "uiControl92",
                  "controlId": "control54",
                  "display": {
                    "adapterId": "custom",
                    "type": "custom",
                    "adapter": {
                      "templateType": "react",
                      "events": {
                        "onDoAction": "doAction_uiControl92",
                        "onGetTemplate": "getTemplate_uiControl92"
                      }
                    }
                  }
                }
              ]
            }
          ]
        },
        {
          "id": "uiControl186",
          "display": {
            "type": "card",
            "adapterId": "card",
            "class": "content",
            "adapter": {
              "templateType": ""
            }
          },
          "layout": [
            {
              "id": "uiControl186body",
              "display": {
                "type": "cardBody",
                "adapterId": "cardBody",
                "adapter": {
                  "templateType": ""
                }
              },
              "layout": [
                {
                  "id": "uiControl188",
                  "controlId": "control109",
                  "display": {
                    "adapterId": "custom",
                    "type": "custom",
                    "adapter": {
                      "templateType": "react",
                      "events": {
                        "onDoAction": "doAction_uiControl188",
                        "onGetTemplate": "getTemplate_uiControl188"
                      }
                    }
                  }
                }
              ]
            }
          ]
        }
      ]
    }
  },
  "matchers": {
    "page/title": {
      "contexts": {
        "context9": [
          "审批信息"
        ]
      }
    },
    "page/urls": {
      "contexts": {
        "context9": [
          "10.1.36.1:8083/approve!index.do?projectId=322636&approveId=493888&spActivityInsId=493869&spFlowCode=9293&userCode=493888&spWorkItemId=494415&is_yb=1",
          "10.1.36.1:8083/approve!index.do?projectId=1248832&approveId=1249582&spActivityInsId=1249521&spFlowCode=1515&userCode=1249582&spWorkItemId=1249580&is_yb=1",
          "10.1.36.1:8083/approve!index.do?projectId=282674&approveId=469640&spActivityInsId=469617&spFlowCode=3864&userCode=469640&spWorkItemId=470198&is_yb=1",
          "10.1.36.1:8083/approve!index.do?projectId=1197604&approveId=1198418&spActivityInsId=1198391&spFlowCode=8293&userCode=1198418",
          "10.1.36.1:8083/approve!index.do?projectId=1434619&approveId=1435553&spActivityInsId=1435510&spFlowCode=2198&userCode=1435553&targetId="
        ]
      }
    },
    "page/ids": {
      "contexts": {
        "context9": [
          [
            "_a",
            "_spActivityInsId",
            "backActivityCode",
            "nodeFrame",
            "submitDiv"
          ]
        ]
      }
    },
    "page/classes": {
      "contexts": {
        "context9": [
          [
            "Noprn",
            "sp_wrapper",
            "wdtable_title",
            "wdtable_title_sp",
            "wdtable_titleh",
            "wdtable_titletool"
          ]
        ]
      }
    },
    "page/tagTriplets": {
      "contexts": {
        "context9": [
          [
            "-/-/DIV",
            "-/-/SCRIPT",
            "-/-/SPAN",
            "-/DIV/IFRAME",
            "-/DIV/INPUT-hidden",
            "-/DIV/TABLE",
            "DIV/TABLE/TBODY",
            "TABLE/TBODY/TR",
            "TBODY/TR/TD",
            "TD/DIV/A",
            "TD/DIV/INPUT-hidden",
            "TR/TD/DIV"
          ]
        ]
      }
    }
  }
}